integer_sum,lovefield,[],1736024928108,"[1000.0, 10.0]",lovefield_integer_sum_1000,15552,6,2609.9629008861775,0.3831472085907672,0.3482710000826046,0.10854501825554085,4.894498000037856,0.32564900000579655,5958.705388003611,5996.297602998558,,
integer_sum,lovefield,[],1736024928108,"[10000.0, 10.0]",lovefield_integer_sum_10000,1122,5,224.11165923906142,4.462061471479684,4.309072000090964,0.4388931785130455,8.401680000009947,3.9869099999777973,5006.432971000206,5011.088693998521,,
integer_sum,lovefield,[],1736024928108,"[100000.0, 10.0]",lovefield_integer_sum_100000,60,5,11.42040231690315,87.56258950001406,83.85045500006527,11.849193817050445,128.0105540000368,77.88672100007534,5253.755370000843,5254.75839199929,,
integer_sum,sqljs,[],1736024928108,"[1000.0, 10.0]",sqljs_integer_sum_1000,15347,6,2577.544344619476,0.3879661671340248,0.3764430000446737,0.0831035095607943,2.9027539999224246,0.3566069999942556,5954.1167670058785,5998.588002005126,,
integer_sum,sqljs,[],1736024928108,"[10000.0, 10.0]",sqljs_integer_sum_10000,1111,5,221.56779926892787,4.513291206120842,4.491684000007808,0.14457015756453342,6.9807749999454245,4.438234000001103,5014.266530000255,5017.89185400086,,
integer_sum,sqljs,[],1736024928108,"[100000.0, 10.0]",sqljs_integer_sum_100000,100,5,19.659613611144614,50.86569959000219,50.735348999965936,0.37092385496938224,51.91424200008623,50.43805300001986,5086.569959000219,5087.183436000254,,
integer_sum,arquero,[],1736024928108,"[1000.0, 10.0]",arquero_integer_sum_1000,37405,6,6355.154494310176,0.15735258692692813,0.14610299991909415,0.07059911868431919,8.3937979999464,0.14031200006138533,5885.773514001747,5992.530813996913,,
integer_sum,arquero,[],1736024928108,"[10000.0, 10.0]",arquero_integer_sum_10000,562,5,111.81356964932152,8.943458322064828,8.859214999945834,0.5928449556475605,16.97404799994547,8.786239000037313,5026.223577000434,5028.1446600018535,,
integer_sum,arquero,[],1736024928108,"[100000.0, 10.0]",arquero_integer_sum_100000,5,5,0.8848971713931341,1130.0748068000423,1131.4501710000914,21.57063576362176,1159.9230339999776,1105.6529990000417,5650.374034000211,5650.484689000063,,
integer_sum,duckdb,[sync],1736024928108,"[1000.0, 10.0]",duckdb_sync_integer_sum_1000,15688,6,2646.9904644026637,0.377787533974236,0.3387729999376461,0.18789940684003598,7.094506999943405,0.3160009999992326,5926.730832987814,5995.981926007662,,
integer_sum,duckdb,[sync],1736024928108,"[10000.0, 10.0]",duckdb_sync_integer_sum_10000,7174,6,1202.0885113935917,0.8318854980493002,0.818970000022091,0.09791988392090549,4.9275670000351965,0.785838000010699,5967.94656300568,5999.753739003092,,
integer_sum,duckdb,[sync],1736024928108,"[100000.0, 10.0]",duckdb_sync_integer_sum_100000,60,5,11.389641901563936,87.79907293333672,87.08353900001384,2.344020314836483,98.68624000006821,86.07906299992464,5267.944376000203,5268.6829869997455,,
tpch,arquero,[],1736025267332,"[0.01, 1.0]",arquero_tpch_001_q1,0,0,0.0,0.0,0.0,0.0,0.0,0.0,0.0,0.0,Arquero does not implement join reordering and query unnesting. The plans were generated by a relational database and were manually migrated to the Arquero API.,"Benchmark `arquero_tpch_001_q1` failed to run `before` callback: Unrecognized type: ""undefined"""
tpch,arquero,[],1736025267332,"[0.01, 2.0]",arquero_tpch_001_q2,0,0,0.0,0.0,0.0,0.0,0.0,0.0,0.0,0.0,Arquero does not implement join reordering and query unnesting. The plans were generated by a relational database and were manually migrated to the Arquero API.,"Benchmark `arquero_tpch_001_q2` failed to run `before` callback: Unrecognized type: ""undefined"""
tpch,arquero,[],1736025267332,"[0.01, 3.0]",arquero_tpch_001_q3,0,0,0.0,0.0,0.0,0.0,0.0,0.0,0.0,0.0,Arquero does not implement join reordering and query unnesting. The plans were generated by a relational database and were manually migrated to the Arquero API.,"Benchmark `arquero_tpch_001_q3` failed to run `before` callback: Unrecognized type: ""undefined"""
tpch,arquero,[],1736025267332,"[0.01, 4.0]",arquero_tpch_001_q4,0,0,0.0,0.0,0.0,0.0,0.0,0.0,0.0,0.0,Arquero does not implement join reordering and query unnesting. The plans were generated by a relational database and were manually migrated to the Arquero API.,"Benchmark `arquero_tpch_001_q4` failed to run `before` callback: Unrecognized type: ""undefined"""
tpch,arquero,[],1736025267332,"[0.01, 5.0]",arquero_tpch_001_q5,0,0,0.0,0.0,0.0,0.0,0.0,0.0,0.0,0.0,Arquero does not implement join reordering and query unnesting. The plans were generated by a relational database and were manually migrated to the Arquero API.,"Benchmark `arquero_tpch_001_q5` failed to run `before` callback: Unrecognized type: ""undefined"""
tpch,arquero,[],1736025267332,"[0.01, 6.0]",arquero_tpch_001_q6,0,0,0.0,0.0,0.0,0.0,0.0,0.0,0.0,0.0,Arquero does not implement join reordering and query unnesting. The plans were generated by a relational database and were manually migrated to the Arquero API.,"Benchmark `arquero_tpch_001_q6` failed to run `before` callback: Unrecognized type: ""undefined"""
tpch,arquero,[],1736025267332,"[0.01, 7.0]",arquero_tpch_001_q7,0,0,0.0,0.0,0.0,0.0,0.0,0.0,0.0,0.0,Arquero does not implement join reordering and query unnesting. The plans were generated by a relational database and were manually migrated to the Arquero API.,"Benchmark `arquero_tpch_001_q7` failed to run `before` callback: Unrecognized type: ""undefined"""
tpch,arquero,[],1736025267332,"[0.01, 8.0]",arquero_tpch_001_q8,0,0,0.0,0.0,0.0,0.0,0.0,0.0,0.0,0.0,Arquero does not implement join reordering and query unnesting. The plans were generated by a relational database and were manually migrated to the Arquero API.,"Benchmark `arquero_tpch_001_q8` failed to run `before` callback: Unrecognized type: ""undefined"""
tpch,arquero,[],1736025267332,"[0.01, 9.0]",arquero_tpch_001_q9,0,0,0.0,0.0,0.0,0.0,0.0,0.0,0.0,0.0,Arquero does not implement join reordering and query unnesting. The plans were generated by a relational database and were manually migrated to the Arquero API.,"Benchmark `arquero_tpch_001_q9` failed to run `before` callback: Unrecognized type: ""undefined"""
tpch,arquero,[],1736025267332,"[0.01, 10.0]",arquero_tpch_001_q10,0,0,0.0,0.0,0.0,0.0,0.0,0.0,0.0,0.0,Arquero does not implement join reordering and query unnesting. The plans were generated by a relational database and were manually migrated to the Arquero API.,"Benchmark `arquero_tpch_001_q10` failed to run `before` callback: Unrecognized type: ""undefined"""
tpch,arquero,[],1736025267332,"[0.01, 11.0]",arquero_tpch_001_q11,0,0,0.0,0.0,0.0,0.0,0.0,0.0,0.0,0.0,Arquero does not implement join reordering and query unnesting. The plans were generated by a relational database and were manually migrated to the Arquero API.,"Benchmark `arquero_tpch_001_q11` failed to run `before` callback: Unrecognized type: ""undefined"""
tpch,arquero,[],1736025267332,"[0.01, 12.0]",arquero_tpch_001_q12,0,0,0.0,0.0,0.0,0.0,0.0,0.0,0.0,0.0,Arquero does not implement join reordering and query unnesting. The plans were generated by a relational database and were manually migrated to the Arquero API.,"Benchmark `arquero_tpch_001_q12` failed to run `before` callback: Unrecognized type: ""undefined"""
tpch,arquero,[],1736025267332,"[0.01, 13.0]",arquero_tpch_001_q13,0,0,0.0,0.0,0.0,0.0,0.0,0.0,0.0,0.0,Arquero does not implement join reordering and query unnesting. The plans were generated by a relational database and were manually migrated to the Arquero API.,"Benchmark `arquero_tpch_001_q13` failed to run `before` callback: Unrecognized type: ""undefined"""
tpch,arquero,[],1736025267332,"[0.01, 14.0]",arquero_tpch_001_q14,0,0,0.0,0.0,0.0,0.0,0.0,0.0,0.0,0.0,Arquero does not implement join reordering and query unnesting. The plans were generated by a relational database and were manually migrated to the Arquero API.,"Benchmark `arquero_tpch_001_q14` failed to run `before` callback: Unrecognized type: ""undefined"""
tpch,arquero,[],1736025267332,"[0.01, 15.0]",arquero_tpch_001_q15,0,0,0.0,0.0,0.0,0.0,0.0,0.0,0.0,0.0,Arquero does not implement join reordering and query unnesting. The plans were generated by a relational database and were manually migrated to the Arquero API.,"Benchmark `arquero_tpch_001_q15` failed to run `before` callback: Unrecognized type: ""undefined"""
tpch,arquero,[],1736025267332,"[0.01, 16.0]",arquero_tpch_001_q16,0,0,0.0,0.0,0.0,0.0,0.0,0.0,0.0,0.0,Arquero does not implement join reordering and query unnesting. The plans were generated by a relational database and were manually migrated to the Arquero API.,"Benchmark `arquero_tpch_001_q16` failed to run `before` callback: Unrecognized type: ""undefined"""
tpch,arquero,[],1736025267332,"[0.01, 17.0]",arquero_tpch_001_q17,0,0,0.0,0.0,0.0,0.0,0.0,0.0,0.0,0.0,Arquero does not implement join reordering and query unnesting. The plans were generated by a relational database and were manually migrated to the Arquero API.,"Benchmark `arquero_tpch_001_q17` failed to run `before` callback: Unrecognized type: ""undefined"""
tpch,arquero,[],1736025267332,"[0.01, 18.0]",arquero_tpch_001_q18,0,0,0.0,0.0,0.0,0.0,0.0,0.0,0.0,0.0,Arquero does not implement join reordering and query unnesting. The plans were generated by a relational database and were manually migrated to the Arquero API.,"Benchmark `arquero_tpch_001_q18` failed to run `before` callback: Unrecognized type: ""undefined"""
tpch,arquero,[],1736025267332,"[0.01, 19.0]",arquero_tpch_001_q19,0,0,0.0,0.0,0.0,0.0,0.0,0.0,0.0,0.0,Arquero does not implement join reordering and query unnesting. The plans were generated by a relational database and were manually migrated to the Arquero API.,"Benchmark `arquero_tpch_001_q19` failed to run `before` callback: Unrecognized type: ""undefined"""
tpch,arquero,[],1736025267332,"[0.01, 20.0]",arquero_tpch_001_q20,0,0,0.0,0.0,0.0,0.0,0.0,0.0,0.0,0.0,Arquero does not implement join reordering and query unnesting. The plans were generated by a relational database and were manually migrated to the Arquero API.,"Benchmark `arquero_tpch_001_q20` failed to run `before` callback: Unrecognized type: ""undefined"""
tpch,arquero,[],1736025267332,"[0.01, 21.0]",arquero_tpch_001_q21,0,0,0.0,0.0,0.0,0.0,0.0,0.0,0.0,0.0,Arquero does not implement join reordering and query unnesting. The plans were generated by a relational database and were manually migrated to the Arquero API.,"Benchmark `arquero_tpch_001_q21` failed to run `before` callback: Unrecognized type: ""undefined"""
tpch,arquero,[],1736025267332,"[0.01, 22.0]",arquero_tpch_001_q22,0,0,0.0,0.0,0.0,0.0,0.0,0.0,0.0,0.0,Arquero does not implement join reordering and query unnesting. The plans were generated by a relational database and were manually migrated to the Arquero API.,"Benchmark `arquero_tpch_001_q22` failed to run `before` callback: Unrecognized type: ""undefined"""
integer_join2,lovefield,[],1736024671872,"[1000.0, 10000.0, 10.0, 100.0]",lovefield_integer_join2_1000_10000_100_10,2909,5,583.2187469052842,1.7146225242351507,1.6449349999893457,0.42645418066666496,15.213726000045426,1.3778719999827445,4987.8369230000535,5003.084168001311,,
integer_join2,lovefield,[],1736024671872,"[10000.0, 100000.0, 10.0, 100.0]",lovefield_integer_join2_10000_100000_100_10,193,5,38.09742424256294,26.248493694300386,24.65933799999766,5.835488302265063,63.79745399998501,22.836307000019588,5065.959282999975,5068.605014999397,,
integer_join2,lovefield,[],1736024671872,"[100000.0, 100000.0, 10.0, 100.0]",lovefield_integer_join2_100000_100000_100_10,103,5,20.01228826776887,49.96929819417837,48.352476999978535,10.175728278621548,95.30904099997133,38.92478200001642,5146.837714000372,5148.30569800036,,
integer_join2,lovefield,[],1736024671872,"[100000.0, 1000000.0, 10.0, 100.0]",lovefield_integer_join2_100000_1000000_100_10,17,5,2.922795142904091,342.1382447647013,328.09942300000694,47.73167519831566,479.0880470001139,302.19989699998405,5816.350160999922,5816.610918999882,,
integer_join2,sqljs,[],1736024671872,"[1000.0, 10000.0, 10.0, 100.0]",sqljs_integer_join2_1000_10000_10_100,520,5,103.50666176669868,9.661213905767475,9.505775999976322,1.1273957268811574,29.761225000023842,9.45602299994789,5023.831230999087,5026.49608599802,,
integer_join2,sqljs,[],1736024671872,"[10000.0, 100000.0, 10.0, 100.0]",sqljs_integer_join2_10000_100000_10_100,45,5,8.22162439762369,121.6304651777855,121.10790900001302,1.6605366680829867,129.44275099993683,120.70362799998838,5473.370933000348,5473.970647999551,,
integer_join2,sqljs,[],1736024671872,"[100000.0, 100000.0, 10.0, 100.0]",sqljs_integer_join2_100000_100000_10_100,40,5,7.912224626808225,126.38670502500608,126.29325300001074,0.4344145029099264,128.7381470000837,126.08965199999511,5055.468201000243,5055.931944999611,,
integer_join2,sqljs,[],1736024671872,"[100000.0, 1000000.0, 10.0, 100.0]",sqljs_integer_join2_100000_1000000_10_100,3,3,0.4365735354583431,2290.564862000019,2283.083282000036,18.301601861294323,2315.7635740000987,2272.8477299999213,6871.694586000056,6871.765206000069,,
integer_join2,arquero,[],1736024671872,"[1000.0, 10000.0, 10.0, 100.0]",arquero_integer_join2_1000_10000_100_10,3753,5,752.6949809082292,1.3285594103382536,1.2771979999961331,0.3549799383352229,16.268854000023566,1.2445559999905527,4986.083466999466,5001.445708998595,,
integer_join2,arquero,[],1736024671872,"[10000.0, 100000.0, 10.0, 100.0]",arquero_integer_join2_10000_100000_100_10,412,5,82.00560947109554,12.19428776213741,11.956292000017129,0.8487275101531937,17.38454100000672,11.682740999967791,5024.046558000613,5026.13921499846,,
integer_join2,arquero,[],1736024671872,"[100000.0, 100000.0, 10.0, 100.0]",arquero_integer_join2_100000_100000_100_10,253,5,50.053781878548584,19.97851036364082,19.632317999959923,1.0453223531522131,27.164698000065982,19.461951000033878,5054.563122001127,5062.895788000547,,
integer_join2,arquero,[],1736024671872,"[100000.0, 1000000.0, 10.0, 100.0]",arquero_integer_join2_100000_1000000_100_10,37,5,6.991641442580388,143.02792959458924,142.5189459999092,2.3771422970291556,151.90386500000022,140.00988699996378,5292.033394999802,5292.571083999588,,
integer_join2,duckdb,[sync],1736024671872,"[1000.0, 10000.0, 10.0, 100.0]",duckdb_sync_integer_join2_1000_10000_10_100,7210,6,1208.9668584955004,0.8271525335644441,0.7318250000244007,0.4506823529932511,14.227336999960244,0.6803789999103174,5963.769766999641,5999.639902999159,,
integer_join2,duckdb,[sync],1736024671872,"[10000.0, 100000.0, 10.0, 100.0]",duckdb_sync_integer_join2_10000_100000_10_100,5219,5,1049.159571448572,0.9531438564862945,0.9308599999640137,0.14392100640047464,5.295630999957211,0.8905749999685213,4974.457787001971,5001.097407003515,,
integer_join2,duckdb,[sync],1736024671872,"[100000.0, 100000.0, 10.0, 100.0]",duckdb_sync_integer_join2_100000_100000_10_100,4090,5,821.2844893073268,1.2176048775052386,1.1913889999268577,0.1474312289347037,3.798164999927394,1.156764000072144,4980.003948996426,5001.477838999592,,
integer_join2,duckdb,[sync],1736024671872,"[100000.0, 1000000.0, 10.0, 100.0]",duckdb_sync_integer_join2_100000_1000000_10_100,1315,5,262.8517613847478,3.8044257140672366,3.778472000034526,0.1767803239320435,6.967916999943554,3.706703000003472,5002.819813998416,5008.591290000477,,
tpch,duckdb,[sync],1736026069341,"[0.5, 1.0]",duckdb_sync_tpch_05_q1,25,5,4.408844278614551,226.81681111999788,225.0010220000986,6.047201077499558,251.79287100001238,223.22909300005995,5670.420277999947,5671.152159000281,,
tpch,duckdb,[sync],1736026069341,"[0.5, 2.0]",duckdb_sync_tpch_05_q2,266,5,53.052230206627556,18.84934895489228,18.267651999834925,1.9055625042298885,36.13003799994476,17.359070000005886,5013.926822001347,5016.682716002688,,
tpch,duckdb,[sync],1736026069341,"[0.5, 3.0]",duckdb_sync_tpch_05_q3,115,5,22.724698486006577,44.00498429564556,43.837362999795005,0.85466011010182,47.37525100004859,42.760184000013396,5060.57319399924,5061.82010299922,,
tpch,duckdb,[sync],1736026069341,"[0.5, 4.0]",duckdb_sync_tpch_05_q4,74,5,14.123290927062904,70.80502732431931,70.4708170001395,1.6609555558925826,81.58491299999878,69.3478920001071,5239.572021999629,5240.3931370000355,,
tpch,duckdb,[sync],1736026069341,"[0.5, 5.0]",duckdb_sync_tpch_05_q5,101,5,19.938095702987745,50.15524124754547,50.074801000067964,0.6325867716070729,52.42973500001244,49.20307600009255,5065.679366002092,5066.994749998208,,
tpch,duckdb,[sync],1736026069341,"[0.5, 6.0]",duckdb_sync_tpch_05_q6,228,5,44.725658837827815,22.358530337718037,22.058074000058696,1.1776926916219743,31.112211999949068,21.402285000076517,5097.744916999713,5100.052605999168,,
tpch,duckdb,[sync],1736026069341,"[0.5, 7.0]",duckdb_sync_tpch_05_q7,85,5,16.23433358279614,61.5978472353014,61.411444999976084,0.6872201386744906,63.85263199987821,60.53617400000803,5235.817015000619,5236.765465999255,,
tpch,duckdb,[sync],1736026069341,"[0.5, 8.0]",duckdb_sync_tpch_05_q8,75,5,14.780164232819919,67.65824684000884,67.44266399997286,0.8076262534791802,71.91008699988015,66.8055460001342,5074.368513000663,5075.710020999657,,
tpch,duckdb,[sync],1736026069341,"[0.5, 9.0]",duckdb_sync_tpch_05_q9,38,5,7.005158032615984,142.75195439474805,142.11655100015923,2.1767762624178038,153.7949769999832,140.51329400017858,5424.574267000426,5424.960692001507,,
tpch,duckdb,[sync],1736026069341,"[0.5, 10.0]",duckdb_sync_tpch_05_q10,40,5,7.628698253642247,131.0839630499948,130.88222699984908,0.8508738288579742,133.39642200013623,129.84985100012273,5243.358521999791,5243.819285001606,,
tpch,duckdb,[sync],1736026069341,"[0.5, 11.0]",duckdb_sync_tpch_05_q11,447,5,89.15668032832443,11.216209445186209,11.09503100020811,0.35605248868962824,13.757078999653459,10.803495000116527,5013.645621998236,5017.947785004042,,
tpch,duckdb,[sync],1736026069341,"[0.5, 12.0]",duckdb_sync_tpch_05_q12,45,5,8.869660549325781,112.7438862444419,112.60252900002524,1.0203906226256847,117.86530599975958,111.60525899985805,5073.4748809998855,5073.988305998966,,
tpch,duckdb,[sync],1736026069341,"[0.5, 13.0]",duckdb_sync_tpch_05_q13,50,5,9.081710013826566,110.11142158002593,109.94363299990073,0.5771739692343081,111.78177900006995,109.48830799991265,5505.571079001296,5506.147229001392,,
tpch,duckdb,[sync],1736026069341,"[0.5, 14.0]",duckdb_sync_tpch_05_q14,169,5,33.22366173104574,30.099030266298236,29.858794999774545,0.8738898335613232,37.591758999973536,29.361035999841988,5086.736115004402,5088.471173998434,,
tpch,duckdb,[sync],1736026069341,"[0.5, 15.0]",duckdb_sync_tpch_05_q15,111,5,21.849011643278363,45.768660675671356,45.60497499955818,0.6826617996280707,47.29010000033304,44.73349000001326,5080.32133499952,5082.6402430022135,,
tpch,duckdb,[sync],1736026069341,"[0.5, 16.0]",duckdb_sync_tpch_05_q16,169,5,33.179666550495554,30.138940621302435,30.038919999729842,0.613081303982314,33.01845400035381,29.37208000011742,5093.480965000112,5095.3043929971755,,
tpch,duckdb,[sync],1736026069341,"[0.5, 17.0]",duckdb_sync_tpch_05_q17,80,5,15.866861671456533,63.024435499991526,62.90738300001249,0.6223411149648008,65.4454689999111,62.20187099976465,5041.954839999322,5042.728359000292,,
tpch,duckdb,[sync],1736026069341,"[0.5, 18.0]",duckdb_sync_tpch_05_q18,45,5,8.208898446754441,121.81902437779225,121.01890300028026,1.978877131197818,128.27947399998084,120.00525399995968,5481.856097000651,5482.341775002889,,
tpch,duckdb,[sync],1736026069341,"[0.5, 19.0]",duckdb_sync_tpch_05_q19,30,5,5.884192480507858,169.94685393325054,169.9335349998437,0.8208768764804826,172.73784599965438,168.4286139998585,5098.405617997516,5098.723906999454,,
tpch,duckdb,[sync],1736026069341,"[0.5, 20.0]",duckdb_sync_tpch_05_q20,114,5,22.272110595112682,44.899202333318,44.37906700000167,2.236055482798095,63.55605300003663,42.687605999875814,5118.5090659982525,5119.663191000931,,
tpch,duckdb,[sync],1736026069341,"[0.5, 21.0]",duckdb_sync_tpch_05_q21,30,5,5.730653049926576,174.50018196666304,174.702548999805,0.8790038444702133,176.7433539996855,172.63607699982822,5235.005458999891,5235.342227999121,,
tpch,duckdb,[sync],1736026069341,"[0.5, 22.0]",duckdb_sync_tpch_05_q22,175,5,34.26383062095888,29.18529486858685,28.969874000176787,0.6296016551201116,32.9662810000591,28.67843799991533,5107.426602002699,5108.962481000926,,
tpch,duckdb,[sync],1736025044537,"[0.01, 1.0]",duckdb_sync_tpch_001_q1,825,5,164.62447793491478,6.074430804848812,5.7432239999761805,1.0642690135233726,14.56573999999091,5.5276499999454245,5011.40541400027,5018.533891000901,,
tpch,duckdb,[sync],1736025044538,"[0.01, 2.0]",duckdb_sync_tpch_001_q2,1268,5,253.59185665821684,3.943344290222097,3.748866999987513,0.6321196403794269,13.928023000014946,3.607702000066638,5000.160560001619,5007.56514000101,,
tpch,duckdb,[sync],1736025044538,"[0.01, 3.0]",duckdb_sync_tpch_001_q3,2010,5,402.456445091897,2.4847409258700273,2.4445240000495687,0.2021777327308068,5.734189999988303,2.3862030000891536,4994.329260998755,5007.230004999554,,
tpch,duckdb,[sync],1736025044538,"[0.01, 4.0]",duckdb_sync_tpch_001_q4,1673,5,334.42197280362706,2.990234139271707,2.949108999921009,0.20536700192707302,6.540751999942586,2.900718000018969,5002.661715001566,5009.9044060015585,,
tpch,duckdb,[sync],1736025044538,"[0.01, 5.0]",duckdb_sync_tpch_001_q5,1116,5,222.94617684763725,4.485387523300774,4.449566999915987,0.23995172693485292,9.252275000093505,4.337205999996513,5005.692476003664,5010.687575000105,,
tpch,duckdb,[sync],1736025044538,"[0.01, 6.0]",duckdb_sync_tpch_001_q6,5621,5,1129.46049319178,0.8853784670007064,0.8759810000192374,0.10960080490485696,4.778433000203222,0.8412270001135767,4976.712363010971,5000.645930020371,,
tpch,duckdb,[sync],1736025044538,"[0.01, 7.0]",duckdb_sync_tpch_001_q7,1131,5,225.89987367472608,4.426739969938643,4.372097999788821,0.4145408774697556,12.126733999932185,4.288531000027433,5006.642906000605,5011.642888000468,,
tpch,duckdb,[sync],1736025044538,"[0.01, 8.0]",duckdb_sync_tpch_001_q8,1019,5,203.44112326703066,4.915427048087177,4.87519000004977,0.23798707739086541,9.46538700000383,4.790511999977753,5008.820162000833,5013.317283999873,,
tpch,duckdb,[sync],1736025044538,"[0.01, 9.0]",duckdb_sync_tpch_001_q9,896,5,179.10627615735547,5.583277266741009,5.538984999991953,0.22002243415747597,9.651956000132486,5.444707999937236,5002.616430999944,5010.197397998534,,
tpch,duckdb,[sync],1736025044538,"[0.01, 10.0]",duckdb_sync_tpch_001_q10,1030,5,205.62266283848314,4.863277161163413,4.82588899997063,0.21860658608645958,8.013145999982953,4.7326140000950545,5009.175475998316,5017.109360995702,,
tpch,duckdb,[sync],1736025044538,"[0.01, 11.0]",duckdb_sync_tpch_001_q11,2460,5,493.18268037681156,2.027646224794349,1.9962939999531955,0.27588069355342126,8.345439000055194,1.9350080001167953,4988.009712994099,5004.105541996192,,
tpch,duckdb,[sync],1736025044538,"[0.01, 12.0]",duckdb_sync_tpch_001_q12,1335,5,266.7828503380864,3.748366878653287,3.7015500001143664,0.3047899138445723,8.641721999971196,3.646826999960467,5004.069783002138,5010.263336995617,,
tpch,duckdb,[sync],1736025044538,"[0.01, 13.0]",duckdb_sync_tpch_001_q13,1837,5,367.5021186954479,2.7210727479606946,2.7038499999325722,0.14834578990263522,6.747730999952182,2.652021999936551,4998.610638003796,5009.23460499919,,
tpch,duckdb,[sync],1736025044538,"[0.01, 14.0]",duckdb_sync_tpch_001_q14,3501,5,701.8198698794737,1.4248670391331808,1.4109649998135865,0.1395872399994964,6.167181999888271,1.3652690001763403,4988.459504005266,5002.938575008186,,
tpch,duckdb,[sync],1736025044538,"[0.01, 15.0]",duckdb_sync_tpch_001_q15,2175,5,435.71291067638066,2.295089210112333,2.2765379999764264,0.17807957104682476,5.8094620001502335,2.198011000175029,4991.819031994324,5004.835637002485,,
tpch,duckdb,[sync],1736025044538,"[0.01, 16.0]",duckdb_sync_tpch_001_q16,2325,5,465.64623287622135,2.1475530765559125,2.118830000050366,0.19892826050324908,6.0561789998319,2.079719000030309,4993.060902992496,5003.270601000637,,
tpch,duckdb,[sync],1736025044538,"[0.01, 17.0]",duckdb_sync_tpch_001_q17,4159,5,835.0786711798207,1.1974919663403378,1.1878060000017285,0.09923579822442603,5.2941179999616,1.163399999961257,4980.3690880094655,5002.4589110123925,,
tpch,duckdb,[sync],1736025044538,"[0.01, 18.0]",duckdb_sync_tpch_001_q18,1346,5,269.14504069084126,3.715468794941199,3.688574999803677,0.1771126641493055,7.094939999980852,3.63172800000757,5001.020997990854,5006.986337002367,,
tpch,duckdb,[sync],1736025044538,"[0.01, 19.0]",duckdb_sync_tpch_001_q19,958,5,191.4654543531822,5.222874295408789,5.179049000144005,0.4107490398446866,11.882134000072256,5.077548999805003,5003.51357500162,5007.780457000015,,
tpch,duckdb,[sync],1736025044538,"[0.01, 20.0]",duckdb_sync_tpch_001_q20,1444,5,288.59659711816437,3.4650443213318805,3.4386360000353307,0.22647812247226567,8.178161000134423,3.346273000119254,5003.524000003235,5010.118944995804,,
tpch,duckdb,[sync],1736025044538,"[0.01, 21.0]",duckdb_sync_tpch_001_q21,877,5,175.0039298808693,5.714157394526692,5.6657529999502,0.3022962651561258,11.733187000034377,5.58134499983862,5011.316034999909,5015.528684997233,,
tpch,duckdb,[sync],1736025044538,"[0.01, 22.0]",duckdb_sync_tpch_001_q22,2111,5,422.8888487202815,2.3646875603982807,2.3393449999857694,0.1646913661902366,5.972967999987304,2.2829689998179674,4991.855440000771,5004.674230007455,,
regex,lovefield,[],1736024859805,"[1000.0, 20.0]",lovefield_regex_1000,23569,6,3965.6111068415667,0.25216794412209914,0.23267400008626282,0.06293793244566122,3.8966919999802485,0.2116249999962747,5943.346275013755,5993.932064001798,,
regex,lovefield,[],1736024859805,"[10000.0, 20.0]",lovefield_regex_10000,1913,5,382.54917168600815,2.6140430407748685,2.549816000042483,0.30585582959856816,12.02694800007157,2.397971999947913,5000.664337002323,5006.816922000493,,
regex,lovefield,[],1736024859805,"[100000.0, 20.0]",lovefield_regex_100000,123,5,24.0653461581685,41.55352652845885,40.51186599989887,7.420410169378876,88.28364700009115,34.89241299999412,5111.083763000439,5112.888480000314,,
regex,sqljs,[],1736024859805,"[1000.0, 20.0]",sqljs_regex_1000,40405,6,6842.359093246809,0.14614842430397554,0.1394210000289604,0.053887789193776,7.34799399995245,0.13475199998356402,5905.127084002132,5993.646807986195,,
regex,sqljs,[],1736024859805,"[10000.0, 20.0]",sqljs_regex_10000,4292,5,859.9004457904255,1.1629253187336055,1.1563799999421462,0.06872621616313089,4.531137000070885,1.1404520000796765,4991.275468004635,5001.81088799634,,
regex,sqljs,[],1736024859805,"[100000.0, 20.0]",sqljs_regex_100000,435,5,86.50954524104067,11.559418064373245,11.542622999986634,0.08416882030990115,12.56724700005725,11.509732000064105,5028.346858002362,5029.660059999675,,
regex,arquero,[],1736024859805,"[1000.0, 20.0]",arquero_regex_1000,86213,6,14835.955033610395,0.06740381712768279,0.062166000017896295,0.035244495578420076,7.537217999924906,0.05986099992878735,5811.085286028916,5984.959093990852,,
regex,arquero,[],1736024859805,"[10000.0, 20.0]",arquero_regex_10000,13342,6,2236.2111256831695,0.4471849676959715,0.43681400001514703,0.11176284256040447,11.881401000078768,0.42355199996382,5966.341838999651,5998.578808007645,,
regex,arquero,[],1736024859805,"[100000.0, 20.0]",arquero_regex_100000,1180,5,235.66360810976568,4.243336542374533,4.114444000064395,1.0596887333684009,39.724056000006385,4.075497000012547,5007.137120001949,5011.492311999667,,
regex,duckdb,[sync],1736024859805,"[1000.0, 20.0]",duckdb_sync_regex_1000,19158,6,3243.155559096434,0.308341669641837,0.2782809999771416,0.15204655506095568,9.675830999971367,0.26140899991150945,5907.209706998314,5994.57449500286,,
regex,duckdb,[sync],1736024859805,"[10000.0, 20.0]",duckdb_sync_regex_10000,11848,6,1992.003547304758,0.5020071381665111,0.49106699996627867,0.06666158392679035,1.9606419999618083,0.4671129999915138,5947.780572996824,5998.275261003524,,
regex,duckdb,[sync],1736024859805,"[100000.0, 20.0]",duckdb_sync_regex_100000,2245,5,449.34587320153514,2.2254571804011922,2.2073650000384077,0.1256949893426033,3.953309000004083,2.1707470000255853,4996.151370000676,5005.9322430033935,,
tpch,sqljs,[],1736026184563,"[0.5, 1.0]",sqljs_tpch_05_q1,1,1,0.1485285577519304,6732.711978999898,6732.711978999898,0.0,6732.711978999898,6732.711978999898,6732.711978999898,6732.863973000087,,
tpch,sqljs,[],1736026184563,"[0.5, 2.0]",sqljs_tpch_05_q2,35,5,6.608877804537957,151.31161894283392,150.6815470000729,1.9311913480668397,160.59737300034612,149.68998599983752,5295.906662999187,5296.837591000367,,
tpch,sqljs,[],1736026184563,"[0.5, 3.0]",sqljs_tpch_05_q3,5,5,0.9304707827224097,1074.7247721998951,1073.1786309997551,4.537531367142764,1082.505903000012,1069.9902420002036,5373.623860999476,5373.754565999843,,
tpch,sqljs,[],1736026184563,"[0.5, 4.0]",sqljs_tpch_05_q4,25,5,4.119278676321241,242.76094883996993,242.33665199996904,1.0798859758883084,246.55470999982208,241.6776180001907,6069.023720999248,6069.605524999555,,
tpch,sqljs,[],1736026184563,"[0.5, 5.0]",sqljs_tpch_05_q5,5,5,0.8427888815473529,1186.5367731999606,1186.0926250000484,2.7086856230862257,1190.6282969997264,1182.6185110001825,5932.683865999803,5932.804141000379,,
tpch,sqljs,[],1736026184563,"[0.5, 6.0]",sqljs_tpch_05_q6,8,4,1.376914703637185,726.2613997500739,726.0647249999456,2.4101516229434377,732.0282960003242,723.5441039996222,5810.091198000591,5810.281983000226,,
tpch,sqljs,[],1736026184563,"[0.5, 7.0]",sqljs_tpch_05_q7,4,4,0.6133538545586198,1630.3802324999124,1631.1346970000304,2.7200870718865184,1634.5128739997745,1627.883529999759,6521.5209299996495,6521.747893999796,,
tpch,sqljs,[],1736026184563,"[0.5, 8.0]",sqljs_tpch_05_q8,2,2,0.3863445163798768,2588.363384499913,2595.096442000009,6.733057500096038,2595.096442000009,2581.630326999817,5176.726768999826,5177.077865999658,,
tpch,sqljs,[],1736026184563,"[0.5, 9.0]",sqljs_tpch_05_q9,2,2,0.2007141702618414,4982.20927150012,4994.336308000144,12.127036500023678,4994.336308000144,4970.082235000096,9964.41854300024,9964.716121000238,,
tpch,sqljs,[],1736026184563,"[0.5, 10.0]",sqljs_tpch_05_q10,8,4,1.297814940397354,770.5258807498612,773.5766109996475,4.2210156756859565,776.3780149999075,765.3421879997477,6164.20704599889,6167.722562999465,,
tpch,sqljs,[],1736026184563,"[0.5, 11.0]",sqljs_tpch_05_q11,15,5,2.6050499662958635,383.86979633327576,383.90939400019124,0.6091473282558542,384.66875399975106,382.79097199998796,5758.046944999136,5758.376598000992,,
tpch,sqljs,[],1736026184563,"[0.5, 12.0]",sqljs_tpch_05_q12,8,4,1.5634889962630392,639.595163375081,639.3206259999424,1.2166021100922535,641.4539620000869,637.5577060002834,5116.761307000648,5116.94094399875,,
tpch,sqljs,[],1736026184563,"[0.5, 13.0]",sqljs_tpch_05_q13,2,2,0.2698381896447524,3705.924655500101,3717.3853780003265,11.460722500225529,3717.3853780003265,3694.4639329998754,7411.849311000202,7411.903704000171,,
tpch,sqljs,[],1736026184563,"[0.5, 14.0]",sqljs_tpch_05_q14,8,4,1.4595120629072276,685.1604898750084,685.7888659997843,1.3756565673322176,687.502384999767,683.1623570001684,5481.283919000067,5481.464055000339,,
tpch,sqljs,[],1736026184563,"[0.5, 15.0]",sqljs_tpch_05_q15,4,4,0.724040081823601,1381.1390074999072,1381.6103289998136,3.5396355010860656,1386.4251459999941,1376.620689000003,5524.556029999629,5524.645497000311,,
tpch,sqljs,[],1736026184563,"[0.5, 16.0]",sqljs_tpch_05_q16,20,5,3.6977924024969786,270.4316227500327,268.9599790000357,2.276694120312948,275.18380400026217,267.95712399994954,5408.632455000654,5409.095072999597,,
tpch,sqljs,[],1736026184563,"[0.5, 18.0]",sqljs_tpch_05_q18,8,4,1.2409031068456746,805.8646919999737,806.3553549996577,1.0381383501704344,807.0484710000455,804.0169510003179,6446.91753599979,6447.126409999561,,
tpch,sqljs,[],1736026184563,"[0.5, 19.0]",sqljs_tpch_05_q19,8,4,1.2834407947026614,779.1555357500329,778.1332789999433,2.6167262442729826,783.243094000034,775.6560479998589,6233.244286000263,6233.453309999779,,
tpch,sqljs,[],1736026184563,"[0.5, 21.0]",sqljs_tpch_05_q21,2,2,0.2117057410638521,4723.537467500195,4733.634124000091,10.096656499896199,4733.634124000091,4713.440811000299,9447.07493500039,9447.145477000158,,
tpch,lovefield,[],1736026383441,"[0.5, 1.0]",lovefield_tpch_05_q1,1,1,0.0,0.0,0.0,0.0,0.0,0.0,0.0,0.0,Lovefield does not support arithmetic operations and nested subqueries. Aggregates and order by clauses were often simplified. Some queries with nesting were dropped.,Benchmark `lovefield_tpch_05_q1` failed to run `fn`: a.getTime is not a function
tpch,lovefield,[],1736026383441,"[0.5, 3.0]",lovefield_tpch_05_q3,1,1,0.0,0.0,0.0,0.0,0.0,0.0,0.0,0.0,Lovefield does not support arithmetic operations and nested subqueries. Aggregates and order by clauses were often simplified. Some queries with nesting were dropped.,Benchmark `lovefield_tpch_05_q3` failed to run `fn`: a.getTime is not a function
tpch,lovefield,[],1736026383441,"[0.5, 4.0]",lovefield_tpch_05_q4,1,1,0.0,0.0,0.0,0.0,0.0,0.0,0.0,0.0,Lovefield does not support arithmetic operations and nested subqueries. Aggregates and order by clauses were often simplified. Some queries with nesting were dropped.,Benchmark `lovefield_tpch_05_q4` failed to run `fn`: a.getTime is not a function
tpch,lovefield,[],1736026383441,"[0.5, 5.0]",lovefield_tpch_05_q5,1,1,0.0,0.0,0.0,0.0,0.0,0.0,0.0,0.0,Lovefield does not support arithmetic operations and nested subqueries. Aggregates and order by clauses were often simplified. Some queries with nesting were dropped.,Benchmark `lovefield_tpch_05_q5` failed to run `fn`: a.getTime is not a function
tpch,lovefield,[],1736026383441,"[0.5, 6.0]",lovefield_tpch_05_q6,5,4,0.8373188387091878,1194.2881896000356,1039.2967389998958,391.13500491021097,1973.265790999867,956.5480440002866,5971.440948000178,5971.594006999861,Lovefield does not support arithmetic operations and nested subqueries. Aggregates and order by clauses were often simplified. Some queries with nesting were dropped.,
tpch,lovefield,[],1736026383441,"[0.5, 7.0]",lovefield_tpch_05_q7,1,1,0.0,0.0,0.0,0.0,0.0,0.0,0.0,0.0,Lovefield does not support arithmetic operations and nested subqueries. Aggregates and order by clauses were often simplified. Some queries with nesting were dropped.,Benchmark `lovefield_tpch_05_q7` failed to run `fn`: a.getTime is not a function
tpch,lovefield,[],1736026383441,"[0.5, 8.0]",lovefield_tpch_05_q8,1,1,0.0,0.0,0.0,0.0,0.0,0.0,0.0,0.0,Lovefield does not support arithmetic operations and nested subqueries. Aggregates and order by clauses were often simplified. Some queries with nesting were dropped.,Benchmark `lovefield_tpch_05_q8` failed to run `fn`: a.getTime is not a function
tpch,lovefield,[],1736026383441,"[0.5, 10.0]",lovefield_tpch_05_q10,1,1,0.0,0.0,0.0,0.0,0.0,0.0,0.0,0.0,Lovefield does not support arithmetic operations and nested subqueries. Aggregates and order by clauses were often simplified. Some queries with nesting were dropped.,Benchmark `lovefield_tpch_05_q10` failed to run `fn`: a.getTime is not a function
tpch,lovefield,[],1736026383441,"[0.5, 12.0]",lovefield_tpch_05_q12,1,1,0.0,0.0,0.0,0.0,0.0,0.0,0.0,0.0,Lovefield does not support arithmetic operations and nested subqueries. Aggregates and order by clauses were often simplified. Some queries with nesting were dropped.,Benchmark `lovefield_tpch_05_q12` failed to run `fn`: a.getTime is not a function
tpch,lovefield,[],1736026383441,"[0.5, 13.0]",lovefield_tpch_05_q13,2,2,0.17686019609453146,5654.183485500049,6572.097133000381,917.9136475003324,6572.097133000381,4736.269837999716,11308.366971000098,11308.414499999955,"",
tpch,lovefield,[],1736026383441,"[0.5, 14.0]",lovefield_tpch_05_q14,1,1,0.0,0.0,0.0,0.0,0.0,0.0,0.0,0.0,"",Benchmark `lovefield_tpch_05_q14` failed to run `fn`: a.getTime is not a function
tpch,lovefield,[],1736026383441,"[0.5, 16.0]",lovefield_tpch_05_q16,5,4,0.9760551861666128,1024.5322335998528,1023.482698999811,23.21012541506876,1065.995947000105,995.9404369997792,5122.661167999264,5122.786844000686,"",
tpch,lovefield,[],1736026383441,"[0.5, 19.0]",lovefield_tpch_05_q19,1,1,0.14207237017617114,7038.666270999704,7038.666270999704,0.0,7038.666270999704,7038.666270999704,7038.666270999704,7038.688783000223,Lovefield does not support arithmetic operations and nested subqueries. Aggregates and order by clauses were often simplified. Some queries with nesting were dropped.,
tpch,lovefield,[],1736025631102,"[0.1, 1.0]",lovefield_tpch_01_q1,1,1,0.0,0.0,0.0,0.0,0.0,0.0,0.0,0.0,Lovefield does not support arithmetic operations and nested subqueries. Aggregates and order by clauses were often simplified. Some queries with nesting were dropped.,Benchmark `lovefield_tpch_01_q1` failed to run `fn`: a.getTime is not a function
tpch,lovefield,[],1736025631102,"[0.1, 3.0]",lovefield_tpch_01_q3,1,1,0.0,0.0,0.0,0.0,0.0,0.0,0.0,0.0,Lovefield does not support arithmetic operations and nested subqueries. Aggregates and order by clauses were often simplified. Some queries with nesting were dropped.,Benchmark `lovefield_tpch_01_q3` failed to run `fn`: a.getTime is not a function
tpch,lovefield,[],1736025631102,"[0.1, 4.0]",lovefield_tpch_01_q4,1,1,0.0,0.0,0.0,0.0,0.0,0.0,0.0,0.0,Lovefield does not support arithmetic operations and nested subqueries. Aggregates and order by clauses were often simplified. Some queries with nesting were dropped.,Benchmark `lovefield_tpch_01_q4` failed to run `fn`: a.getTime is not a function
tpch,lovefield,[],1736025631102,"[0.1, 5.0]",lovefield_tpch_01_q5,1,1,0.0,0.0,0.0,0.0,0.0,0.0,0.0,0.0,Lovefield does not support arithmetic operations and nested subqueries. Aggregates and order by clauses were often simplified. Some queries with nesting were dropped.,Benchmark `lovefield_tpch_01_q5` failed to run `fn`: a.getTime is not a function
tpch,lovefield,[],1736025631102,"[0.1, 6.0]",lovefield_tpch_01_q6,32,5,5.7772170489545935,173.09372168749542,162.69359899987467,44.592960529249,369.1411829998251,151.37296799989417,5538.999093999853,5539.961448999355,Lovefield does not support arithmetic operations and nested subqueries. Aggregates and order by clauses were often simplified. Some queries with nesting were dropped.,
tpch,lovefield,[],1736025631102,"[0.1, 7.0]",lovefield_tpch_01_q7,1,1,0.0,0.0,0.0,0.0,0.0,0.0,0.0,0.0,Lovefield does not support arithmetic operations and nested subqueries. Aggregates and order by clauses were often simplified. Some queries with nesting were dropped.,Benchmark `lovefield_tpch_01_q7` failed to run `fn`: a.getTime is not a function
tpch,lovefield,[],1736025631102,"[0.1, 8.0]",lovefield_tpch_01_q8,1,1,0.0,0.0,0.0,0.0,0.0,0.0,0.0,0.0,Lovefield does not support arithmetic operations and nested subqueries. Aggregates and order by clauses were often simplified. Some queries with nesting were dropped.,Benchmark `lovefield_tpch_01_q8` failed to run `fn`: a.getTime is not a function
tpch,lovefield,[],1736025631102,"[0.1, 9.0]",lovefield_tpch_01_q9,2,2,0.23758699880388456,4208.984519499936,4550.340833999915,341.3563144999789,4550.340833999915,3867.6282049999572,8417.969038999872,8418.003272000002,Lovefield does not support arithmetic operations and nested subqueries. Aggregates and order by clauses were often simplified. Some queries with nesting were dropped.,
tpch,lovefield,[],1736025631102,"[0.1, 10.0]",lovefield_tpch_01_q10,1,1,0.0,0.0,0.0,0.0,0.0,0.0,0.0,0.0,Lovefield does not support arithmetic operations and nested subqueries. Aggregates and order by clauses were often simplified. Some queries with nesting were dropped.,Benchmark `lovefield_tpch_01_q10` failed to run `fn`: a.getTime is not a function
tpch,lovefield,[],1736025631102,"[0.1, 12.0]",lovefield_tpch_01_q12,1,1,0.0,0.0,0.0,0.0,0.0,0.0,0.0,0.0,Lovefield does not support arithmetic operations and nested subqueries. Aggregates and order by clauses were often simplified. Some queries with nesting were dropped.,Benchmark `lovefield_tpch_01_q12` failed to run `fn`: a.getTime is not a function
tpch,lovefield,[],1736025631102,"[0.1, 13.0]",lovefield_tpch_01_q13,8,4,1.2442274442934336,803.7115758750006,808.2824669999536,15.215730104321834,826.1942669998389,780.722173999995,6429.6926070000045,6429.822541000089,"",
tpch,lovefield,[],1736025631102,"[0.1, 14.0]",lovefield_tpch_01_q14,1,1,0.0,0.0,0.0,0.0,0.0,0.0,0.0,0.0,"",Benchmark `lovefield_tpch_01_q14` failed to run `fn`: a.getTime is not a function
tpch,lovefield,[],1736025631102,"[0.1, 16.0]",lovefield_tpch_01_q16,31,5,5.679644216797236,176.06736651611996,159.04950099997222,60.965388993308885,437.206075000111,138.26890699984506,5458.0883619997185,5458.622480000602,"",
tpch,lovefield,[],1736025631102,"[0.1, 19.0]",lovefield_tpch_01_q19,6,4,0.969820006509662,1031.1191698333325,985.2397789999377,126.02113186019174,1308.7793219999876,941.2257600000594,6186.715018999996,6186.80762899993,Lovefield does not support arithmetic operations and nested subqueries. Aggregates and order by clauses were often simplified. Some queries with nesting were dropped.,
tpch,arquero,[],1736025615041,"[0.1, 1.0]",arquero_tpch_01_q1,0,0,0.0,0.0,0.0,0.0,0.0,0.0,0.0,0.0,Arquero does not implement join reordering and query unnesting. The plans were generated by a relational database and were manually migrated to the Arquero API.,"Benchmark `arquero_tpch_01_q1` failed to run `before` callback: Unrecognized type: ""undefined"""
tpch,arquero,[],1736025615041,"[0.1, 2.0]",arquero_tpch_01_q2,0,0,0.0,0.0,0.0,0.0,0.0,0.0,0.0,0.0,Arquero does not implement join reordering and query unnesting. The plans were generated by a relational database and were manually migrated to the Arquero API.,"Benchmark `arquero_tpch_01_q2` failed to run `before` callback: Unrecognized type: ""undefined"""
tpch,arquero,[],1736025615041,"[0.1, 3.0]",arquero_tpch_01_q3,0,0,0.0,0.0,0.0,0.0,0.0,0.0,0.0,0.0,Arquero does not implement join reordering and query unnesting. The plans were generated by a relational database and were manually migrated to the Arquero API.,"Benchmark `arquero_tpch_01_q3` failed to run `before` callback: Unrecognized type: ""undefined"""
tpch,arquero,[],1736025615041,"[0.1, 4.0]",arquero_tpch_01_q4,0,0,0.0,0.0,0.0,0.0,0.0,0.0,0.0,0.0,Arquero does not implement join reordering and query unnesting. The plans were generated by a relational database and were manually migrated to the Arquero API.,"Benchmark `arquero_tpch_01_q4` failed to run `before` callback: Unrecognized type: ""undefined"""
tpch,arquero,[],1736025615041,"[0.1, 5.0]",arquero_tpch_01_q5,0,0,0.0,0.0,0.0,0.0,0.0,0.0,0.0,0.0,Arquero does not implement join reordering and query unnesting. The plans were generated by a relational database and were manually migrated to the Arquero API.,"Benchmark `arquero_tpch_01_q5` failed to run `before` callback: Unrecognized type: ""undefined"""
tpch,arquero,[],1736025615041,"[0.1, 6.0]",arquero_tpch_01_q6,0,0,0.0,0.0,0.0,0.0,0.0,0.0,0.0,0.0,Arquero does not implement join reordering and query unnesting. The plans were generated by a relational database and were manually migrated to the Arquero API.,"Benchmark `arquero_tpch_01_q6` failed to run `before` callback: Unrecognized type: ""undefined"""
tpch,arquero,[],1736025615041,"[0.1, 7.0]",arquero_tpch_01_q7,0,0,0.0,0.0,0.0,0.0,0.0,0.0,0.0,0.0,Arquero does not implement join reordering and query unnesting. The plans were generated by a relational database and were manually migrated to the Arquero API.,"Benchmark `arquero_tpch_01_q7` failed to run `before` callback: Unrecognized type: ""undefined"""
tpch,arquero,[],1736025615041,"[0.1, 8.0]",arquero_tpch_01_q8,0,0,0.0,0.0,0.0,0.0,0.0,0.0,0.0,0.0,Arquero does not implement join reordering and query unnesting. The plans were generated by a relational database and were manually migrated to the Arquero API.,"Benchmark `arquero_tpch_01_q8` failed to run `before` callback: Unrecognized type: ""undefined"""
tpch,arquero,[],1736025615041,"[0.1, 10.0]",arquero_tpch_01_q10,0,0,0.0,0.0,0.0,0.0,0.0,0.0,0.0,0.0,Arquero does not implement join reordering and query unnesting. The plans were generated by a relational database and were manually migrated to the Arquero API.,"Benchmark `arquero_tpch_01_q10` failed to run `before` callback: Unrecognized type: ""undefined"""
tpch,arquero,[],1736025615041,"[0.1, 11.0]",arquero_tpch_01_q11,0,0,0.0,0.0,0.0,0.0,0.0,0.0,0.0,0.0,Arquero does not implement join reordering and query unnesting. The plans were generated by a relational database and were manually migrated to the Arquero API.,"Benchmark `arquero_tpch_01_q11` failed to run `before` callback: Unrecognized type: ""undefined"""
tpch,arquero,[],1736025615041,"[0.1, 12.0]",arquero_tpch_01_q12,0,0,0.0,0.0,0.0,0.0,0.0,0.0,0.0,0.0,Arquero does not implement join reordering and query unnesting. The plans were generated by a relational database and were manually migrated to the Arquero API.,"Benchmark `arquero_tpch_01_q12` failed to run `before` callback: Unrecognized type: ""undefined"""
tpch,arquero,[],1736025615041,"[0.1, 13.0]",arquero_tpch_01_q13,0,0,0.0,0.0,0.0,0.0,0.0,0.0,0.0,0.0,Arquero does not implement join reordering and query unnesting. The plans were generated by a relational database and were manually migrated to the Arquero API.,"Benchmark `arquero_tpch_01_q13` failed to run `before` callback: Unrecognized type: ""undefined"""
tpch,arquero,[],1736025615041,"[0.1, 14.0]",arquero_tpch_01_q14,0,0,0.0,0.0,0.0,0.0,0.0,0.0,0.0,0.0,Arquero does not implement join reordering and query unnesting. The plans were generated by a relational database and were manually migrated to the Arquero API.,"Benchmark `arquero_tpch_01_q14` failed to run `before` callback: Unrecognized type: ""undefined"""
tpch,arquero,[],1736025615041,"[0.1, 15.0]",arquero_tpch_01_q15,0,0,0.0,0.0,0.0,0.0,0.0,0.0,0.0,0.0,Arquero does not implement join reordering and query unnesting. The plans were generated by a relational database and were manually migrated to the Arquero API.,"Benchmark `arquero_tpch_01_q15` failed to run `before` callback: Unrecognized type: ""undefined"""
tpch,arquero,[],1736025615041,"[0.1, 16.0]",arquero_tpch_01_q16,0,0,0.0,0.0,0.0,0.0,0.0,0.0,0.0,0.0,Arquero does not implement join reordering and query unnesting. The plans were generated by a relational database and were manually migrated to the Arquero API.,"Benchmark `arquero_tpch_01_q16` failed to run `before` callback: Unrecognized type: ""undefined"""
tpch,arquero,[],1736025615041,"[0.1, 17.0]",arquero_tpch_01_q17,0,0,0.0,0.0,0.0,0.0,0.0,0.0,0.0,0.0,Arquero does not implement join reordering and query unnesting. The plans were generated by a relational database and were manually migrated to the Arquero API.,"Benchmark `arquero_tpch_01_q17` failed to run `before` callback: Unrecognized type: ""undefined"""
tpch,arquero,[],1736025615041,"[0.1, 18.0]",arquero_tpch_01_q18,0,0,0.0,0.0,0.0,0.0,0.0,0.0,0.0,0.0,Arquero does not implement join reordering and query unnesting. The plans were generated by a relational database and were manually migrated to the Arquero API.,"Benchmark `arquero_tpch_01_q18` failed to run `before` callback: Unrecognized type: ""undefined"""
tpch,arquero,[],1736025615041,"[0.1, 19.0]",arquero_tpch_01_q19,0,0,0.0,0.0,0.0,0.0,0.0,0.0,0.0,0.0,Arquero does not implement join reordering and query unnesting. The plans were generated by a relational database and were manually migrated to the Arquero API.,"Benchmark `arquero_tpch_01_q19` failed to run `before` callback: Unrecognized type: ""undefined"""
tpch,arquero,[],1736025615041,"[0.1, 20.0]",arquero_tpch_01_q20,0,0,0.0,0.0,0.0,0.0,0.0,0.0,0.0,0.0,Arquero does not implement join reordering and query unnesting. The plans were generated by a relational database and were manually migrated to the Arquero API.,"Benchmark `arquero_tpch_01_q20` failed to run `before` callback: Unrecognized type: ""undefined"""
tpch,arquero,[],1736025615041,"[0.1, 22.0]",arquero_tpch_01_q22,0,0,0.0,0.0,0.0,0.0,0.0,0.0,0.0,0.0,Arquero does not implement join reordering and query unnesting. The plans were generated by a relational database and were manually migrated to the Arquero API.,"Benchmark `arquero_tpch_01_q22` failed to run `before` callback: Unrecognized type: ""undefined"""
tpch,duckdb,[sync],1736025316245,"[0.1, 1.0]",duckdb_sync_tpch_01_q1,108,5,21.00152565991457,47.615588324075496,46.712517000036314,2.919672458392754,71.62224900000729,46.00411199987866,5142.4835390001535,5144.419616000261,,
tpch,duckdb,[sync],1736025316245,"[0.1, 2.0]",duckdb_sync_tpch_01_q2,683,5,136.37614216292675,7.332660860910066,6.97944699996151,1.0890438497793011,19.41925000003539,6.648168000159785,5008.207368001575,5012.970045999857,,
tpch,duckdb,[sync],1736025316245,"[0.1, 3.0]",duckdb_sync_tpch_01_q3,522,5,103.89544525581815,9.625061017234534,9.522195999976248,0.44910256781544566,13.984162000007927,9.064269999973476,5024.281850996427,5028.072117997333,,
tpch,duckdb,[sync],1736025316245,"[0.1, 4.0]",duckdb_sync_tpch_01_q4,323,5,64.08127829041423,15.605181835918332,15.474186000181362,0.468367854499267,20.463757999939844,15.267079000128433,5040.473733001621,5042.707917001331,,
tpch,duckdb,[sync],1736025316245,"[0.1, 5.0]",duckdb_sync_tpch_01_q5,513,5,102.10133274139494,9.794191448341104,9.695628999965265,0.34896307758567197,13.262984000146389,9.46972699998878,5024.420212998986,5027.456333999289,,
tpch,duckdb,[sync],1736025316245,"[0.1, 6.0]",duckdb_sync_tpch_01_q6,1047,5,209.31016328259503,4.777598872014037,4.735735000111163,0.2895231729004856,7.9780160000082105,4.490630999905989,5002.146018998697,5008.792535995599,,
tpch,duckdb,[sync],1736025316245,"[0.1, 7.0]",duckdb_sync_tpch_01_q7,309,5,61.32652226817392,16.306158624601498,16.18493300001137,0.5775470379907842,21.717447000090033,15.755850000074133,5038.603015001863,5040.564891999122,,
tpch,duckdb,[sync],1736025316245,"[0.1, 8.0]",duckdb_sync_tpch_01_q8,392,5,77.82770882384693,12.848894244893835,12.744982999982312,0.398674050632461,14.663222000002861,12.236756999976933,5036.766543998383,5042.833658001386,,
tpch,duckdb,[sync],1736025316245,"[0.1, 9.0]",duckdb_sync_tpch_01_q9,188,5,36.97052846929905,27.048571968085795,26.83282299991697,0.7228265201119445,30.196735000004992,26.10789699992165,5085.13153000013,5086.782169000013,,
tpch,duckdb,[sync],1736025316245,"[0.1, 10.0]",duckdb_sync_tpch_01_q10,170,5,33.640906368522806,29.725715147071135,29.52103800000623,0.9016124908675427,38.320542000001296,28.990315000060946,5053.371575002093,5054.910998000065,,
tpch,duckdb,[sync],1736025316245,"[0.1, 11.0]",duckdb_sync_tpch_01_q11,1250,5,250.02734054000726,3.9995625991949812,3.9392709999810904,0.2657985388897071,9.166629000101238,3.866810000035912,4999.453248993726,5009.701447001426,,
tpch,duckdb,[sync],1736025316245,"[0.1, 12.0]",duckdb_sync_tpch_01_q12,210,5,41.551485577659335,24.066528214280318,23.921823000069708,0.7536989795813519,32.45200299983844,23.599258000031114,5053.970924998866,5055.6570529991295,,
tpch,duckdb,[sync],1736025316245,"[0.1, 13.0]",duckdb_sync_tpch_01_q13,210,5,41.629013810102926,24.021707661912245,23.90813699993305,0.45661076220558633,28.749276000075042,23.749690000200644,5044.558609001571,5046.10568300006,,
tpch,duckdb,[sync],1736025316245,"[0.1, 14.0]",duckdb_sync_tpch_01_q14,800,5,159.63947292822638,6.2641148937493565,6.2186099998652935,0.1989853126882948,8.918210000032559,6.153247999958694,5011.291914999485,5015.2055289973505,,
tpch,duckdb,[sync],1736025316245,"[0.1, 15.0]",duckdb_sync_tpch_01_q15,584,5,116.41246824819395,8.590145154108217,8.532617999939248,0.24654756521840918,12.096010999986902,8.323456000071019,5016.644769999199,5019.869037000462,,
tpch,duckdb,[sync],1736025316245,"[0.1, 16.0]",duckdb_sync_tpch_01_q16,669,5,133.269349357427,7.503600826608755,7.415840999921784,0.4023759017412461,12.408325999975204,7.3240169999189675,5019.908953001257,5023.239160002209,,
tpch,duckdb,[sync],1736025316245,"[0.1, 17.0]",duckdb_sync_tpch_01_q17,400,5,79.43027710765014,12.589657702499535,12.53443400003016,0.27928428838356256,15.333708999911323,12.316546000074595,5035.863080999814,5037.97408899921,,
tpch,duckdb,[sync],1736025316245,"[0.1, 18.0]",duckdb_sync_tpch_01_q18,220,5,43.603339962866535,22.934022963644978,22.80107400007546,0.4799259439168468,26.846900000004098,22.481085000094026,5045.485052001895,5047.203365998808,,
tpch,duckdb,[sync],1736025316245,"[0.1, 19.0]",duckdb_sync_tpch_01_q19,145,5,28.479130442526884,35.11343164139363,35.018233000067994,0.469089116511477,38.17334400000982,34.539978000102565,5091.447588002076,5092.525070999283,,
tpch,duckdb,[sync],1736025316245,"[0.1, 20.0]",duckdb_sync_tpch_01_q20,406,5,80.77928882989414,12.379410793103297,12.173376000020653,1.0052304879961655,16.307686999905854,11.086733000120148,5026.040781999938,5028.350137000671,,
tpch,duckdb,[sync],1736025316245,"[0.1, 21.0]",duckdb_sync_tpch_01_q21,125,5,24.555740928725196,40.723674471993,40.6265250002034,0.5032205503485329,42.56898700003512,39.88102099997923,5090.459308999125,5091.563261000905,,
tpch,duckdb,[sync],1736025316245,"[0.1, 22.0]",duckdb_sync_tpch_01_q22,662,5,132.0328749333727,7.573871283986102,7.521225999807939,0.23792196575737556,10.62620300007984,7.393972000107169,5013.9027899988,5017.10963200056,,
tpch,arquero,[],1736026305377,"[0.5, 1.0]",arquero_tpch_05_q1,0,0,0.0,0.0,0.0,0.0,0.0,0.0,0.0,0.0,Arquero does not implement join reordering and query unnesting. The plans were generated by a relational database and were manually migrated to the Arquero API.,"Benchmark `arquero_tpch_05_q1` failed to run `before` callback: Unrecognized type: ""undefined"""
tpch,arquero,[],1736026305377,"[0.5, 2.0]",arquero_tpch_05_q2,0,0,0.0,0.0,0.0,0.0,0.0,0.0,0.0,0.0,Arquero does not implement join reordering and query unnesting. The plans were generated by a relational database and were manually migrated to the Arquero API.,"Benchmark `arquero_tpch_05_q2` failed to run `before` callback: Unrecognized type: ""undefined"""
tpch,arquero,[],1736026305377,"[0.5, 3.0]",arquero_tpch_05_q3,0,0,0.0,0.0,0.0,0.0,0.0,0.0,0.0,0.0,Arquero does not implement join reordering and query unnesting. The plans were generated by a relational database and were manually migrated to the Arquero API.,"Benchmark `arquero_tpch_05_q3` failed to run `before` callback: Unrecognized type: ""undefined"""
tpch,arquero,[],1736026305377,"[0.5, 4.0]",arquero_tpch_05_q4,0,0,0.0,0.0,0.0,0.0,0.0,0.0,0.0,0.0,Arquero does not implement join reordering and query unnesting. The plans were generated by a relational database and were manually migrated to the Arquero API.,"Benchmark `arquero_tpch_05_q4` failed to run `before` callback: Unrecognized type: ""undefined"""
tpch,arquero,[],1736026305377,"[0.5, 5.0]",arquero_tpch_05_q5,0,0,0.0,0.0,0.0,0.0,0.0,0.0,0.0,0.0,Arquero does not implement join reordering and query unnesting. The plans were generated by a relational database and were manually migrated to the Arquero API.,"Benchmark `arquero_tpch_05_q5` failed to run `before` callback: Unrecognized type: ""undefined"""
tpch,arquero,[],1736026305377,"[0.5, 6.0]",arquero_tpch_05_q6,0,0,0.0,0.0,0.0,0.0,0.0,0.0,0.0,0.0,Arquero does not implement join reordering and query unnesting. The plans were generated by a relational database and were manually migrated to the Arquero API.,"Benchmark `arquero_tpch_05_q6` failed to run `before` callback: Unrecognized type: ""undefined"""
tpch,arquero,[],1736026305377,"[0.5, 7.0]",arquero_tpch_05_q7,0,0,0.0,0.0,0.0,0.0,0.0,0.0,0.0,0.0,Arquero does not implement join reordering and query unnesting. The plans were generated by a relational database and were manually migrated to the Arquero API.,"Benchmark `arquero_tpch_05_q7` failed to run `before` callback: Unrecognized type: ""undefined"""
tpch,arquero,[],1736026305377,"[0.5, 8.0]",arquero_tpch_05_q8,0,0,0.0,0.0,0.0,0.0,0.0,0.0,0.0,0.0,Arquero does not implement join reordering and query unnesting. The plans were generated by a relational database and were manually migrated to the Arquero API.,"Benchmark `arquero_tpch_05_q8` failed to run `before` callback: Unrecognized type: ""undefined"""
tpch,arquero,[],1736026305377,"[0.5, 10.0]",arquero_tpch_05_q10,0,0,0.0,0.0,0.0,0.0,0.0,0.0,0.0,0.0,Arquero does not implement join reordering and query unnesting. The plans were generated by a relational database and were manually migrated to the Arquero API.,"Benchmark `arquero_tpch_05_q10` failed to run `before` callback: Unrecognized type: ""undefined"""
tpch,arquero,[],1736026305377,"[0.5, 11.0]",arquero_tpch_05_q11,0,0,0.0,0.0,0.0,0.0,0.0,0.0,0.0,0.0,Arquero does not implement join reordering and query unnesting. The plans were generated by a relational database and were manually migrated to the Arquero API.,"Benchmark `arquero_tpch_05_q11` failed to run `before` callback: Unrecognized type: ""undefined"""
tpch,arquero,[],1736026305377,"[0.5, 12.0]",arquero_tpch_05_q12,0,0,0.0,0.0,0.0,0.0,0.0,0.0,0.0,0.0,Arquero does not implement join reordering and query unnesting. The plans were generated by a relational database and were manually migrated to the Arquero API.,"Benchmark `arquero_tpch_05_q12` failed to run `before` callback: Unrecognized type: ""undefined"""
tpch,arquero,[],1736026305377,"[0.5, 13.0]",arquero_tpch_05_q13,0,0,0.0,0.0,0.0,0.0,0.0,0.0,0.0,0.0,Arquero does not implement join reordering and query unnesting. The plans were generated by a relational database and were manually migrated to the Arquero API.,"Benchmark `arquero_tpch_05_q13` failed to run `before` callback: Unrecognized type: ""undefined"""
tpch,arquero,[],1736026305377,"[0.5, 14.0]",arquero_tpch_05_q14,0,0,0.0,0.0,0.0,0.0,0.0,0.0,0.0,0.0,Arquero does not implement join reordering and query unnesting. The plans were generated by a relational database and were manually migrated to the Arquero API.,"Benchmark `arquero_tpch_05_q14` failed to run `before` callback: Unrecognized type: ""undefined"""
tpch,arquero,[],1736026305377,"[0.5, 15.0]",arquero_tpch_05_q15,0,0,0.0,0.0,0.0,0.0,0.0,0.0,0.0,0.0,Arquero does not implement join reordering and query unnesting. The plans were generated by a relational database and were manually migrated to the Arquero API.,"Benchmark `arquero_tpch_05_q15` failed to run `before` callback: Unrecognized type: ""undefined"""
tpch,arquero,[],1736026305378,"[0.5, 16.0]",arquero_tpch_05_q16,0,0,0.0,0.0,0.0,0.0,0.0,0.0,0.0,0.0,Arquero does not implement join reordering and query unnesting. The plans were generated by a relational database and were manually migrated to the Arquero API.,"Benchmark `arquero_tpch_05_q16` failed to run `before` callback: Unrecognized type: ""undefined"""
tpch,arquero,[],1736026305378,"[0.5, 17.0]",arquero_tpch_05_q17,0,0,0.0,0.0,0.0,0.0,0.0,0.0,0.0,0.0,Arquero does not implement join reordering and query unnesting. The plans were generated by a relational database and were manually migrated to the Arquero API.,"Benchmark `arquero_tpch_05_q17` failed to run `before` callback: Unrecognized type: ""undefined"""
tpch,arquero,[],1736026305378,"[0.5, 18.0]",arquero_tpch_05_q18,0,0,0.0,0.0,0.0,0.0,0.0,0.0,0.0,0.0,Arquero does not implement join reordering and query unnesting. The plans were generated by a relational database and were manually migrated to the Arquero API.,"Benchmark `arquero_tpch_05_q18` failed to run `before` callback: Unrecognized type: ""undefined"""
tpch,arquero,[],1736026305378,"[0.5, 19.0]",arquero_tpch_05_q19,0,0,0.0,0.0,0.0,0.0,0.0,0.0,0.0,0.0,Arquero does not implement join reordering and query unnesting. The plans were generated by a relational database and were manually migrated to the Arquero API.,"Benchmark `arquero_tpch_05_q19` failed to run `before` callback: Unrecognized type: ""undefined"""
tpch,arquero,[],1736026305378,"[0.5, 20.0]",arquero_tpch_05_q20,0,0,0.0,0.0,0.0,0.0,0.0,0.0,0.0,0.0,Arquero does not implement join reordering and query unnesting. The plans were generated by a relational database and were manually migrated to the Arquero API.,"Benchmark `arquero_tpch_05_q20` failed to run `before` callback: Unrecognized type: ""undefined"""
tpch,arquero,[],1736026305378,"[0.5, 22.0]",arquero_tpch_05_q22,0,0,0.0,0.0,0.0,0.0,0.0,0.0,0.0,0.0,Arquero does not implement join reordering and query unnesting. The plans were generated by a relational database and were manually migrated to the Arquero API.,"Benchmark `arquero_tpch_05_q22` failed to run `before` callback: Unrecognized type: ""undefined"""
tpch,lovefield,[],1736025967039,"[0.25, 1.0]",lovefield_tpch_025_q1,1,1,0.0,0.0,0.0,0.0,0.0,0.0,0.0,0.0,Lovefield does not support arithmetic operations and nested subqueries. Aggregates and order by clauses were often simplified. Some queries with nesting were dropped.,Benchmark `lovefield_tpch_025_q1` failed to run `fn`: a.getTime is not a function
tpch,lovefield,[],1736025967039,"[0.25, 3.0]",lovefield_tpch_025_q3,1,1,0.0,0.0,0.0,0.0,0.0,0.0,0.0,0.0,Lovefield does not support arithmetic operations and nested subqueries. Aggregates and order by clauses were often simplified. Some queries with nesting were dropped.,Benchmark `lovefield_tpch_025_q3` failed to run `fn`: a.getTime is not a function
tpch,lovefield,[],1736025967039,"[0.25, 4.0]",lovefield_tpch_025_q4,1,1,0.0,0.0,0.0,0.0,0.0,0.0,0.0,0.0,Lovefield does not support arithmetic operations and nested subqueries. Aggregates and order by clauses were often simplified. Some queries with nesting were dropped.,Benchmark `lovefield_tpch_025_q4` failed to run `fn`: a.getTime is not a function
tpch,lovefield,[],1736025967039,"[0.25, 5.0]",lovefield_tpch_025_q5,1,1,0.0,0.0,0.0,0.0,0.0,0.0,0.0,0.0,Lovefield does not support arithmetic operations and nested subqueries. Aggregates and order by clauses were often simplified. Some queries with nesting were dropped.,Benchmark `lovefield_tpch_025_q5` failed to run `fn`: a.getTime is not a function
tpch,lovefield,[],1736025967039,"[0.25, 6.0]",lovefield_tpch_025_q6,12,4,2.1707960999990044,460.66049225003616,454.2361479999963,22.303381543168,509.74590400001034,435.88943600002676,5527.925907000434,5528.488469999516,Lovefield does not support arithmetic operations and nested subqueries. Aggregates and order by clauses were often simplified. Some queries with nesting were dropped.,
tpch,lovefield,[],1736025967039,"[0.25, 7.0]",lovefield_tpch_025_q7,1,1,0.0,0.0,0.0,0.0,0.0,0.0,0.0,0.0,Lovefield does not support arithmetic operations and nested subqueries. Aggregates and order by clauses were often simplified. Some queries with nesting were dropped.,Benchmark `lovefield_tpch_025_q7` failed to run `fn`: a.getTime is not a function
tpch,lovefield,[],1736025967039,"[0.25, 8.0]",lovefield_tpch_025_q8,1,1,0.0,0.0,0.0,0.0,0.0,0.0,0.0,0.0,Lovefield does not support arithmetic operations and nested subqueries. Aggregates and order by clauses were often simplified. Some queries with nesting were dropped.,Benchmark `lovefield_tpch_025_q8` failed to run `fn`: a.getTime is not a function
tpch,lovefield,[],1736025967039,"[0.25, 10.0]",lovefield_tpch_025_q10,1,1,0.0,0.0,0.0,0.0,0.0,0.0,0.0,0.0,Lovefield does not support arithmetic operations and nested subqueries. Aggregates and order by clauses were often simplified. Some queries with nesting were dropped.,Benchmark `lovefield_tpch_025_q10` failed to run `fn`: a.getTime is not a function
tpch,lovefield,[],1736025967039,"[0.25, 12.0]",lovefield_tpch_025_q12,1,1,0.0,0.0,0.0,0.0,0.0,0.0,0.0,0.0,Lovefield does not support arithmetic operations and nested subqueries. Aggregates and order by clauses were often simplified. Some queries with nesting were dropped.,Benchmark `lovefield_tpch_025_q12` failed to run `fn`: a.getTime is not a function
tpch,lovefield,[],1736025967039,"[0.25, 13.0]",lovefield_tpch_025_q13,3,3,0.4695332905484014,2129.7744379999735,2136.0060590000357,11.43386184482206,2139.580506999977,2113.7367479999084,6389.323313999921,6389.379328000359,"",
tpch,lovefield,[],1736025967039,"[0.25, 14.0]",lovefield_tpch_025_q14,1,1,0.0,0.0,0.0,0.0,0.0,0.0,0.0,0.0,"",Benchmark `lovefield_tpch_025_q14` failed to run `fn`: a.getTime is not a function
tpch,lovefield,[],1736025967039,"[0.25, 16.0]",lovefield_tpch_025_q16,11,4,2.0748138681980084,481.9709446363532,477.1307309998665,19.57746647474536,514.847444999963,451.04117600014433,5301.680390999885,5301.889742000494,"",
tpch,lovefield,[],1736025967039,"[0.25, 19.0]",lovefield_tpch_025_q19,2,2,0.30291734464761655,3301.230575500056,3632.498671000125,331.26809550006874,3632.498671000125,2969.9624799999874,6602.461151000112,6602.493239999982,Lovefield does not support arithmetic operations and nested subqueries. Aggregates and order by clauses were often simplified. Some queries with nesting were dropped.,
csv_sum,arquero,[],1736024996460,"[1000.0, 10.0]",arquero_csv_sum_1000,19084,6,3213.9511552832178,0.31114349648909917,0.2890909999841824,0.11389874827210661,10.913222000002861,0.2742129999678582,5937.8624869979685,5995.57683800126,,
csv_sum,arquero,[],1736024996460,"[10000.0, 100.0]",arquero_csv_sum_10000,2089,5,418.5982533064592,2.3889254006702503,2.30724100000225,0.6442851523047034,25.533434999990277,2.265101999975741,4990.465162000153,5008.112143999198,,
csv_sum,arquero,[],1736024996460,"[100000.0, 1000.0]",arquero_csv_sum_100000,194,5,38.37071611756994,26.061541226802913,25.607581999967806,2.6773318223227505,47.22501299995929,24.868399999919347,5055.938997999765,5057.580807999941,,
csv_sum,arquero,[],1736024996460,"[1000000.0, 10000.0]",arquero_csv_sum_1000000,20,5,3.5440739103516585,282.1611583999882,274.74020500003826,13.527401998861746,314.88151099998504,269.0961739999475,5643.223167999764,5643.539430999896,,
csv_sum,duckdb,[sync],1736024996460,"[1000.0, 10.0]",duckdb_sync_csv_sum_1000,2127,5,426.24709594263777,2.3460570394937657,2.1325149999465793,0.8637469132461195,22.537036000052467,1.9742789999581873,4990.06332300324,5006.24758300127,,
csv_sum,duckdb,[sync],1736024996460,"[10000.0, 100.0]",duckdb_sync_csv_sum_10000,836,5,166.86923287458396,5.99271646889863,5.922137000015937,0.35748401373461647,9.81623400002718,5.844093999941833,5009.910967999254,5014.368552999804,,
csv_sum,duckdb,[sync],1736024996460,"[100000.0, 1000.0]",duckdb_sync_csv_sum_100000,281,5,55.68614829286173,17.95778718148814,17.82098199997563,0.6592867265990339,25.7179279999109,17.607854000059888,5046.138197998167,5047.750021000276,,
csv_sum,duckdb,[sync],1736024996460,"[1000000.0, 10000.0]",duckdb_sync_csv_sum_1000000,45,5,8.699316159458686,114.95156419998708,114.84753999998793,1.4765298560500466,120.65031199995428,113.48482100002002,5172.820388999418,5173.297396000125,,
tpch,sqljs,[],1736025155565,"[0.01, 1.0]",sqljs_tpch_001_q1,59,5,11.545741226904271,86.61202259321097,84.59911599988118,10.302683433753037,163.552701999899,83.84273899998516,5110.109332999447,5111.803822000045,,
tpch,sqljs,[],1736025155565,"[0.01, 2.0]",sqljs_tpch_001_q2,2041,5,408.89331197642645,2.4456257187636568,2.4210139999631792,0.11074535516472989,4.474973999895155,2.3837850000709295,4991.522091996623,5004.903827999486,,
tpch,sqljs,[],1736025155565,"[0.01, 3.0]",sqljs_tpch_001_q3,245,5,48.662096281800125,20.549875085714405,20.478105999995023,0.41065267254123067,25.97198799997568,20.32880699983798,5034.7193960000295,5036.90791300172,,
tpch,sqljs,[],1736025155565,"[0.01, 4.0]",sqljs_tpch_001_q4,1074,5,214.3829205579205,4.664550689940932,4.6429999999236315,0.1499017522653366,6.96265699993819,4.591912999982014,5009.727440996561,5014.535885996418,,
tpch,sqljs,[],1736025155565,"[0.01, 5.0]",sqljs_tpch_001_q5,254,5,50.20448410899919,19.918539503939435,19.86339500010945,0.37149426170860506,23.81859499984421,19.68122399994172,5059.3090340006165,5060.727722999873,,
tpch,sqljs,[],1736025155565,"[0.01, 6.0]",sqljs_tpch_001_q6,348,5,69.07192533478164,14.477662163797294,14.441712999949232,0.1686963626726028,16.469351999927312,14.365560999838635,5038.226433001459,5039.728756000055,,
tpch,sqljs,[],1736025155565,"[0.01, 7.0]",sqljs_tpch_001_q7,205,5,40.767104065378675,24.52958145852814,24.469484000001103,0.27663606975422084,26.488017999799922,24.304646000033244,5028.564198998269,5029.754658001242,,
tpch,sqljs,[],1736025155565,"[0.01, 8.0]",sqljs_tpch_001_q8,174,5,33.976313621879925,29.432268936793193,29.295807000016794,0.6493856013649326,36.78901499998756,29.147486000088975,5121.214795002015,5122.366007001139,,
tpch,sqljs,[],1736025155565,"[0.01, 9.0]",sqljs_tpch_001_q9,120,5,23.54760165442759,42.467169891672285,42.44174600020051,0.13082527048251488,43.01652200007811,42.255497000180185,5096.060387000674,5096.8382710004225,,
tpch,sqljs,[],1736025155565,"[0.01, 10.0]",sqljs_tpch_001_q10,365,5,72.4575064467594,13.801192575330807,13.763268999988213,0.16846502553970144,15.839546000119299,13.667820999864489,5037.435289995745,5039.612556002103,,
tpch,sqljs,[],1736025155565,"[0.01, 11.0]",sqljs_tpch_001_q11,804,5,160.43374813873353,6.233102521143242,6.218381999991834,0.16762390909396072,10.044085999950767,6.139885999960825,5011.414426999167,5014.597617997788,,
tpch,sqljs,[],1736025155565,"[0.01, 12.0]",sqljs_tpch_001_q12,400,5,79.83748831757848,12.52544413749827,12.479615000076592,0.20767373142266085,14.560822000028566,12.409415000118315,5010.177654999308,5012.254916998325,,
tpch,sqljs,[],1736025155565,"[0.01, 13.0]",sqljs_tpch_001_q13,125,5,24.78403555741258,40.348554119989274,40.20447700005025,0.4144496333871478,42.737948999973014,39.99861100013368,5043.5692649986595,5044.508445999585,,
tpch,sqljs,[],1736025155565,"[0.01, 14.0]",sqljs_tpch_001_q14,385,5,76.62388833400344,13.050760301291435,12.98426099983044,0.35034858602035074,17.859268999891356,12.863946000114083,5024.542715997202,5026.499226999469,,
tpch,sqljs,[],1736025155565,"[0.01, 15.0]",sqljs_tpch_001_q15,190,5,37.617816347753234,26.58314854736979,26.516662999987602,0.2264233723604989,28.64414200000465,26.321200999896973,5050.79822400026,5052.126770998817,,
tpch,sqljs,[],1736025155565,"[0.01, 16.0]",sqljs_tpch_001_q16,1159,5,231.7255929119943,4.315449094048856,4.30308199999854,0.07263884956169023,5.547515999991447,4.2649050001055,5001.6055000026245,5006.192602000432,,
tpch,sqljs,[],1736025155565,"[0.01, 17.0]",sqljs_tpch_001_q17,225,5,44.38996254119763,22.527615315555078,22.486326000187546,0.19509330540122777,24.22767799999565,22.323099999921396,5068.713445999892,5069.923593001207,,
tpch,sqljs,[],1736025155565,"[0.01, 18.0]",sqljs_tpch_001_q18,315,5,62.25081669987372,16.064046273019077,16.035740999970585,0.13575360045646367,17.99310899991542,15.901838999940082,5060.174576001009,5061.750102997525,,
tpch,sqljs,[],1736025155565,"[0.01, 19.0]",sqljs_tpch_001_q19,340,5,67.71262793202635,14.768294047069846,14.73439300013706,0.11705340722976988,16.196451999945566,14.648412000155076,5021.219976003747,5022.895445999224,,
tpch,sqljs,[],1736025155565,"[0.01, 20.0]",sqljs_tpch_001_q20,15,5,2.9901567329525207,334.4306299999822,334.4842280000448,1.4046164456020604,338.10274799983017,331.64211999997497,5016.459449999733,5016.676555000478,,
tpch,sqljs,[],1736025155565,"[0.01, 21.0]",sqljs_tpch_001_q21,60,5,11.896776391889471,84.05638359999284,83.96689599985257,0.3781749835648818,86.40377099998295,83.64719799999148,5043.3830159995705,5044.072667000582,,
tpch,sqljs,[],1736025155565,"[0.01, 22.0]",sqljs_tpch_001_q22,55,5,10.72339498277263,93.25404889090834,93.16523899999447,0.4874560693976181,94.54045400000177,92.37409700010903,5128.972688999958,5129.617585999891,,
tpch,lovefield,[],1736025269627,"[0.01, 1.0]",lovefield_tpch_001_q1,1,1,0.0,0.0,0.0,0.0,0.0,0.0,0.0,0.0,Lovefield does not support arithmetic operations and nested subqueries. Aggregates and order by clauses were often simplified. Some queries with nesting were dropped.,Benchmark `lovefield_tpch_001_q1` failed to run `fn`: a.getTime is not a function
tpch,lovefield,[],1736025269627,"[0.01, 3.0]",lovefield_tpch_001_q3,1,1,0.0,0.0,0.0,0.0,0.0,0.0,0.0,0.0,Lovefield does not support arithmetic operations and nested subqueries. Aggregates and order by clauses were often simplified. Some queries with nesting were dropped.,Benchmark `lovefield_tpch_001_q3` failed to run `fn`: a.getTime is not a function
tpch,lovefield,[],1736025269627,"[0.01, 4.0]",lovefield_tpch_001_q4,1,1,0.0,0.0,0.0,0.0,0.0,0.0,0.0,0.0,Lovefield does not support arithmetic operations and nested subqueries. Aggregates and order by clauses were often simplified. Some queries with nesting were dropped.,Benchmark `lovefield_tpch_001_q4` failed to run `fn`: a.getTime is not a function
tpch,lovefield,[],1736025269627,"[0.01, 5.0]",lovefield_tpch_001_q5,1,1,0.0,0.0,0.0,0.0,0.0,0.0,0.0,0.0,Lovefield does not support arithmetic operations and nested subqueries. Aggregates and order by clauses were often simplified. Some queries with nesting were dropped.,Benchmark `lovefield_tpch_001_q5` failed to run `fn`: a.getTime is not a function
tpch,lovefield,[],1736025269627,"[0.01, 6.0]",lovefield_tpch_001_q6,405,5,80.46770068808502,12.42734651852767,12.53039599978365,3.3428009993957426,53.51091199996881,9.611786000197753,5033.0753400037065,5037.191581003135,Lovefield does not support arithmetic operations and nested subqueries. Aggregates and order by clauses were often simplified. Some queries with nesting were dropped.,
tpch,lovefield,[],1736025269627,"[0.01, 7.0]",lovefield_tpch_001_q7,1,1,0.0,0.0,0.0,0.0,0.0,0.0,0.0,0.0,Lovefield does not support arithmetic operations and nested subqueries. Aggregates and order by clauses were often simplified. Some queries with nesting were dropped.,Benchmark `lovefield_tpch_001_q7` failed to run `fn`: a.getTime is not a function
tpch,lovefield,[],1736025269627,"[0.01, 8.0]",lovefield_tpch_001_q8,1,1,0.0,0.0,0.0,0.0,0.0,0.0,0.0,0.0,Lovefield does not support arithmetic operations and nested subqueries. Aggregates and order by clauses were often simplified. Some queries with nesting were dropped.,Benchmark `lovefield_tpch_001_q8` failed to run `fn`: a.getTime is not a function
tpch,lovefield,[],1736025269627,"[0.01, 9.0]",lovefield_tpch_001_q9,20,5,3.227776453647942,309.8107983499998,298.3870449999813,28.663449323827003,362.4549940000288,280.44444300001487,6196.215966999996,6196.524309000233,Lovefield does not support arithmetic operations and nested subqueries. Aggregates and order by clauses were often simplified. Some queries with nesting were dropped.,
tpch,lovefield,[],1736025269627,"[0.01, 10.0]",lovefield_tpch_001_q10,1,1,0.0,0.0,0.0,0.0,0.0,0.0,0.0,0.0,Lovefield does not support arithmetic operations and nested subqueries. Aggregates and order by clauses were often simplified. Some queries with nesting were dropped.,Benchmark `lovefield_tpch_001_q10` failed to run `fn`: a.getTime is not a function
tpch,lovefield,[],1736025269627,"[0.01, 12.0]",lovefield_tpch_001_q12,1,1,0.0,0.0,0.0,0.0,0.0,0.0,0.0,0.0,Lovefield does not support arithmetic operations and nested subqueries. Aggregates and order by clauses were often simplified. Some queries with nesting were dropped.,Benchmark `lovefield_tpch_001_q12` failed to run `fn`: a.getTime is not a function
tpch,lovefield,[],1736025269627,"[0.01, 13.0]",lovefield_tpch_001_q13,79,5,15.532594949072607,64.38074277213457,63.534177999943495,3.2580966066314967,86.40746099990793,61.59548799996264,5086.0786789986305,5087.256132999435,"",
tpch,lovefield,[],1736025269627,"[0.01, 14.0]",lovefield_tpch_001_q14,1,1,0.0,0.0,0.0,0.0,0.0,0.0,0.0,0.0,"",Benchmark `lovefield_tpch_001_q14` failed to run `fn`: a.getTime is not a function
tpch,lovefield,[],1736025269627,"[0.01, 16.0]",lovefield_tpch_001_q16,574,5,114.30102060902475,8.748828266552188,8.668560999911278,1.0539839002605222,23.631197000155225,7.894492000108585,5021.827425000956,5025.680669001304,"",
tpch,lovefield,[],1736025269627,"[0.01, 19.0]",lovefield_tpch_001_q19,67,5,12.953805253152224,77.19739338806691,72.28629199997522,15.977927709021083,135.4590479999315,66.96315099997446,5172.225357000483,5172.995307998965,Lovefield does not support arithmetic operations and nested subqueries. Aggregates and order by clauses were often simplified. Some queries with nesting were dropped.,
tpch,sqljs,[],1736025428068,"[0.1, 1.0]",sqljs_tpch_01_q1,7,4,1.0315183227780835,969.4447281428812,917.6899929998908,123.55929914881882,1271.9185470000375,914.1245270001236,6786.113097000169,6787.043577999808,,
tpch,sqljs,[],1736025428068,"[0.1, 2.0]",sqljs_tpch_01_q2,175,5,34.67355367928073,28.840424297136654,28.761156999971718,0.3934754491785524,30.974194000009447,28.344608000013977,5047.074251998914,5049.352376001654,,
tpch,sqljs,[],1736025428068,"[0.1, 3.0]",sqljs_tpch_01_q3,25,5,4.675693768907074,213.87200476000086,213.3183710000012,1.0765264857138919,217.3167629998643,212.88876600004733,5346.800119000021,5347.400180999655,,
tpch,sqljs,[],1736025428068,"[0.1, 4.0]",sqljs_tpch_01_q4,105,5,20.982739539706866,47.65821918094353,47.522817000048235,0.40907162928656543,49.85844500013627,47.32214199984446,5004.113013999071,5005.269712000154,,
tpch,sqljs,[],1736025428068,"[0.1, 5.0]",sqljs_tpch_01_q5,25,5,4.488095110137608,222.81167743999512,222.2271830001846,1.3624476858491723,226.6621369998902,221.06142199994065,5570.291935999878,5570.869049999863,,
tpch,sqljs,[],1736025428068,"[0.1, 6.0]",sqljs_tpch_01_q6,35,5,6.865788626747885,145.64969217143954,145.3871620001737,0.6344941822453255,147.30419399985112,144.89057400007732,5097.7392260003835,5098.325050999643,,
tpch,sqljs,[],1736025428068,"[0.1, 7.0]",sqljs_tpch_01_q7,20,5,3.4198537652128453,292.41016390002335,291.67426799982786,2.076134062589241,298.11618999997154,290.2375020000618,5848.2032780004665,5848.632491001161,,
tpch,sqljs,[],1736025428068,"[0.1, 8.0]",sqljs_tpch_01_q8,12,4,2.372473091045072,421.5010925833097,421.0631839998532,1.6221826138248394,425.8963929999154,420.0097860000096,5058.013110999716,5058.280121000484,,
tpch,sqljs,[],1736025428068,"[0.1, 9.0]",sqljs_tpch_01_q9,8,4,1.3528815225127975,739.1630259999656,739.0953170000575,0.8741572534848686,740.652618000051,738.1607099999674,5913.304207999725,5913.458536000224,,
tpch,sqljs,[],1736025428069,"[0.1, 10.0]",sqljs_tpch_01_q10,35,5,6.657249285055799,150.21219082854554,148.79716999991797,2.1320672313840094,153.64653699984774,148.2911619998049,5257.426678999094,5258.143297999864,,
tpch,sqljs,[],1736025428069,"[0.1, 11.0]",sqljs_tpch_01_q11,70,5,13.266167359714137,75.37972142856701,75.30017099995166,0.3901882326720437,76.37774499994703,74.82158600003459,5276.580499999691,5277.751177998958,,
tpch,sqljs,[],1736025428069,"[0.1, 12.0]",sqljs_tpch_01_q12,40,5,7.889699143591605,126.74754534997047,126.75076299998909,0.29233212722584,127.80942800012417,126.3165010001976,5069.901813998818,5070.479679000564,,
tpch,sqljs,[],1736025428069,"[0.1, 13.0]",sqljs_tpch_01_q13,10,5,1.7671596177860291,565.8798389999662,565.0732469998766,4.192629753078096,573.9153759998735,562.3207430001348,5658.798389999662,5661.318002999993,,
tpch,sqljs,[],1736025428069,"[0.1, 14.0]",sqljs_tpch_01_q14,40,5,7.360090694158131,135.8678909750015,135.62778199999593,0.6364487236123548,137.53064000001177,135.15315399994142,5434.71563900006,5435.434165999526,,
tpch,sqljs,[],1736025428069,"[0.1, 15.0]",sqljs_tpch_01_q15,20,5,3.695257575270951,270.6171300999704,270.47045099991374,0.9784897037831742,273.0443780000787,269.30362399993464,5412.342601999408,5413.020800000057,,
tpch,sqljs,[],1736025428069,"[0.1, 16.0]",sqljs_tpch_01_q16,105,5,20.424596597999976,48.96057531427193,48.945642000064254,0.18289988627604772,49.823205000022426,48.677719000028446,5140.860407998553,5141.908126000315,,
tpch,sqljs,[],1736025428069,"[0.1, 17.0]",sqljs_tpch_01_q17,1,1,0.030773203862547404,32495.803961999947,32495.803961999947,0.0,32495.803961999947,32495.803961999947,32495.803961999947,32495.826235000044,,
tpch,sqljs,[],1736025428069,"[0.1, 18.0]",sqljs_tpch_01_q18,35,5,6.13577879086224,162.97849614286264,162.82400099979714,0.6353763125274543,164.99912000005133,162.25032799993642,5704.247365000192,5704.765978999669,,
tpch,sqljs,[],1736025428069,"[0.1, 19.0]",sqljs_tpch_01_q19,35,5,6.460724017501925,154.7814141713881,154.52184700011276,0.8265245503225497,158.13809299981222,153.97498800000176,5417.349495998584,5418.005102999974,,
tpch,sqljs,[],1736025428069,"[0.1, 20.0]",sqljs_tpch_01_q20,1,1,0.024752655164404433,40399.7063490001,40399.7063490001,0.0,40399.7063490001,40399.7063490001,40399.7063490001,40399.727900000056,,
tpch,sqljs,[],1736025428069,"[0.1, 21.0]",sqljs_tpch_01_q21,6,3,1.0859483300638095,920.8541256665873,921.5366209999193,1.3202824533875537,922.5516669999342,918.65625,5525.124753999524,5525.2572120002005,,
tpch,sqljs,[],1736025428069,"[0.1, 22.0]",sqljs_tpch_01_q22,1,1,0.10294525613961675,9713.900741999969,9713.900741999969,0.0,9713.900741999969,9713.900741999969,9713.900741999969,9713.92032899987,,
integer_sort,lovefield,[],1736024476140,"[1000.0, 1.0, 1.0]",lovefield_integer_sort_1000_1_1,14449,6,2424.535874153076,0.412450073707123,0.3682079999707639,0.12021790763396883,6.828373999975156,0.33269200002541766,5959.49111499422,5996.902978996746,,
integer_sort,lovefield,[],1736024476140,"[10000.0, 1.0, 1.0]",lovefield_integer_sort_10000_1_1,772,5,154.26011778905618,6.482556958548776,6.295143999974243,0.7485818212878932,16.94696600001771,5.733288000046741,5004.5339719996555,5009.365411999228,,
integer_sort,lovefield,[],1736024476140,"[100000.0, 1.0, 1.0]",lovefield_integer_sort_100000_1_1,40,5,7.411786672543325,134.9202350499996,132.8404960000189,7.207886444437787,160.9126839999808,127.69998299999861,5396.809401999984,5397.575238999969,,
integer_sort,lovefield,[],1736024476140,"[1000.0, 2.0, 2.0]",lovefield_integer_sort_1000_2_2,14868,6,2493.3138589197397,0.4010726513320962,0.35328999999910593,0.13714905746219588,7.078593999962322,0.3228240000316873,5963.148180005606,5997.7460040046135,,
integer_sort,lovefield,[],1736024476140,"[10000.0, 2.0, 2.0]",lovefield_integer_sort_10000_2_2,793,5,158.29467117066235,6.317332052965126,6.125131000007968,0.8852114094860591,23.568075999966823,5.787742000014987,5009.644318001345,5014.127691000525,,
integer_sort,lovefield,[],1736024476140,"[100000.0, 2.0, 2.0]",lovefield_integer_sort_100000_2_2,40,5,7.493912906717252,133.44163622500054,131.9877480000141,6.1065155685651105,160.0791259999969,126.65345300000627,5337.665449000022,5338.293141000206,,
integer_topk,lovefield,[],1736024476140,"[1000.0, 1.0, 1.0, 100.0]",lovefield_integer_sort_1000_1_1,15308,6,2568.876422908061,0.38927524542732334,0.34724900004221126,0.12143902653520641,5.506468000006862,0.32181300001684576,5959.025457001466,5998.281403001456,,
integer_topk,lovefield,[],1736024476140,"[10000.0, 1.0, 1.0, 100.0]",lovefield_integer_sort_10000_1_1,802,5,160.19472545357752,6.2424027830416176,6.076593999983743,0.8790714566589694,29.31024800002342,5.791303000005428,5006.407031999377,5010.809737000556,,
integer_topk,lovefield,[],1736024476140,"[100000.0, 1.0, 1.0, 100.0]",lovefield_integer_sort_100000_1_1,41,5,7.817837367768888,127.91261226829374,126.80891700001666,5.9248302988815205,150.90467200003332,117.41787699999986,5244.417103000043,5245.0311690000235,,
integer_sort,sqljs,[],1736024476140,"[1000.0, 1.0, 1.0]",sqljs_integer_sort_1000_1_1,16059,6,2697.494848780623,0.3707143316518437,0.3525299999746494,0.12123729375540972,6.419427999993786,0.32466699997894466,5953.301451996958,5997.540823994554,,
integer_sort,sqljs,[],1736024476140,"[10000.0, 1.0, 1.0]",sqljs_integer_sort_10000_1_1,1133,5,226.42291703662104,4.416514075022992,4.280250999960117,0.3395879243104404,7.56999500002712,4.22622999997111,5003.91044700105,5008.210196999717,,
integer_sort,sqljs,[],1736024476140,"[100000.0, 1.0, 1.0]",sqljs_integer_sort_100000_1_1,75,5,14.794409736601727,67.59309886666014,63.58859100006521,8.359671346718548,93.66600299999118,61.54868200002238,5069.482414999511,5070.917853000108,,
integer_sort,sqljs,[],1736024476140,"[1000.0, 2.0, 2.0]",sqljs_integer_sort_1000_2_2,13499,6,2263.372661105515,0.4418185379651811,0.432708999956958,0.05633951239429091,2.545233999961056,0.4008499999763444,5964.10844399198,5998.623482003459,,
integer_sort,sqljs,[],1736024476140,"[10000.0, 2.0, 2.0]",sqljs_integer_sort_10000_2_2,985,5,196.82295653033754,5.080708153298489,4.945249000098556,0.3303760769006217,7.347317000036128,4.896227000048384,5004.497530999011,5007.9898879976245,,
integer_sort,sqljs,[],1736024476140,"[100000.0, 2.0, 2.0]",sqljs_integer_sort_100000_2_2,69,5,13.177200506555828,75.8886532463771,71.7482580000069,8.279178438165083,100.56745400000364,70.17341899999883,5236.3170740000205,5237.442982000182,,
integer_topk,sqljs,[],1736024476140,"[1000.0, 1.0, 1.0, 100.0]",sqljs_integer_topk_1000_1_1_100,24560,6,4144.179957703605,0.24130226249975043,0.23584099998697639,0.04536809928840156,4.430642000050284,0.22506100009195507,5926.383566993871,5995.539391000522,,
integer_topk,sqljs,[],1736024476140,"[10000.0, 1.0, 1.0, 100.0]",sqljs_integer_topk_10000_1_1_100,4087,5,819.4663640886488,1.2203063405929147,1.214081000071019,0.045754530758069865,2.8057199999457225,1.1934030000120401,4987.392014003242,5000.883230002597,,
integer_topk,sqljs,[],1736024476140,"[100000.0, 1.0, 1.0, 100.0]",sqljs_integer_topk_100000_1_1_100,490,5,97.7998153184321,10.22496818367235,10.1980179999955,0.22235169527647733,13.162253999966197,9.985940999933518,5010.234409999452,5011.93916799908,,
integer_sort,arquero,[],1736024476140,"[1000.0, 1.0, 1.0]",arquero_integer_sort_1000_1_1,7681,5,1542.6689201726645,0.6482272293967485,0.6339960000477731,0.1321197094280793,9.987734999973327,0.6150609999895096,4979.033348996425,5000.558211996569,,
integer_sort,arquero,[],1736024476140,"[10000.0, 1.0, 1.0]",arquero_integer_sort_10000_1_1,269,5,53.30298369500421,18.760675869889898,18.634112000116147,0.7912845143717826,26.697563000023365,18.527953999931924,5046.621809000382,5047.746145000798,,
integer_sort,arquero,[],1736024476140,"[100000.0, 1.0, 1.0]",arquero_integer_sort_100000_1_1,16,4,3.0605881084252426,326.73458974998357,325.21743399999104,2.5295916594122234,333.81985099997837,324.85554799996316,5227.753435999737,5228.067212000024,,
integer_sort,arquero,[],1736024476140,"[1000.0, 2.0, 2.0]",arquero_integer_sort_1000_2_2,8741,6,1462.269134108085,0.6838686372259049,0.6774469999363646,0.11993336340751413,10.747880000039004,0.6625680000288412,5977.695757991634,5999.746359995101,,
integer_sort,arquero,[],1736024476140,"[10000.0, 2.0, 2.0]",arquero_integer_sort_10000_2_2,275,5,54.36901474499596,18.39282916363752,18.332241000025533,0.3934583752841969,22.828927000053227,18.25842199998442,5058.028020000318,5059.30119300005,,
integer_sort,arquero,[],1736024476140,"[100000.0, 2.0, 2.0]",arquero_integer_sort_100000_2_2,16,4,3.093103417347486,323.2998917500008,322.7909319999162,1.3999229526624246,326.52455400000326,321.86467999999877,5172.798268000013,5173.100751000107,,
integer_topk,arquero,[],1736024476140,"[1000.0, 1.0, 1.0, 100.0]",arquero_integer_topk_1000_1_1_100,6627,5,1330.1697338052695,0.7517837570542673,0.7456960000563413,0.06632843614749628,4.071733999997377,0.7281729999231175,4982.070957998629,5001.040019997861,,
integer_topk,arquero,[],1736024476140,"[10000.0, 1.0, 1.0, 100.0]",arquero_integer_topk_10000_1_1_100,280,5,55.91505623972869,17.88427066428454,17.87092700006906,0.10262508794394587,18.58011300000362,17.709002999938093,5007.595785999671,5008.808153000195,,
integer_topk,arquero,[],1736024476140,"[100000.0, 1.0, 1.0, 100.0]",arquero_integer_topk_100000_1_1_100,16,4,3.192818594283341,313.2028865625107,312.975005999906,1.2064429787894266,316.2706209999742,311.1335010000039,5011.246185000171,5011.555051999865,,
integer_sort,duckdb,[sync],1736024476140,"[1000.0, 1.0, 1.0]",duckdb_sync_integer_sort_1000_1_1,15386,6,2599.1137381297763,0.38474653314693413,0.3494230000069365,0.1715448562512656,6.513048999942839,0.3243670000229031,5919.710158998729,5996.403980003786,,
integer_sort,duckdb,[sync],1736024476140,"[10000.0, 1.0, 1.0]",duckdb_sync_integer_sort_10000_1_1,348,5,69.11519419346347,14.468598571840149,14.75777999998536,2.587970252187364,29.806443999987096,1.2404500000411645,5035.072303000372,5037.420536000049,,
integer_sort,duckdb,[sync],1736024476140,"[100000.0, 1.0, 1.0]",duckdb_sync_integer_sort_100000_1_1,220,5,43.56346853452167,22.95501330908843,22.75914599990938,1.0108402738401654,35.069036000058986,22.126812999951653,5050.102927999455,5052.019671999849,,
integer_sort,duckdb,[sync],1736024476140,"[1000.0, 2.0, 2.0]",duckdb_sync_integer_sort_1000_2_2,11908,6,2003.6661537958632,0.4990851385624003,0.4926419999683276,0.13566919311783857,14.239911999902688,0.46901600004639477,5943.105830001063,5997.813656002167,,
integer_sort,duckdb,[sync],1736024476140,"[10000.0, 2.0, 2.0]",duckdb_sync_integer_sort_10000_2_2,323,5,64.1877133820214,15.579305560370596,15.488860000041313,1.0155811030640542,26.070655000046827,2.1188720000209287,5032.115695999702,5034.084905999247,,
integer_sort,duckdb,[sync],1736024476140,"[100000.0, 2.0, 2.0]",duckdb_sync_integer_sort_100000_2_2,163,5,32.024217790139616,31.226367699382312,30.85911799990572,1.7346143021995413,49.236441000015475,29.797583999927156,5089.897934999317,5092.230794999166,,
integer_topk,duckdb,[sync],1736024476140,"[1000.0, 1.0, 1.0, 100.0]",duckdb_sync_integer_topk_1000_1_1_100,17581,6,2973.9349334842,0.3362548348791279,0.3279630000470206,0.05412641055018693,4.508264000061899,0.31341500009875745,5911.696252009948,5994.930156997754,,
integer_topk,duckdb,[sync],1736024476140,"[10000.0, 1.0, 1.0, 100.0]",duckdb_sync_integer_topk_10000_1_1_100,7708,6,1292.3855117242183,0.7737629298133061,0.770901000010781,0.04105878063967641,1.9105699999490753,0.7382690000813454,5964.164663000964,5999.35141700285,,
integer_topk,duckdb,[sync],1736024476140,"[100000.0, 1.0, 1.0, 100.0]",duckdb_sync_integer_topk_100000_1_1_100,2902,5,581.4638860989182,1.7197972632643959,1.7063960001105443,0.07495304123256272,3.001252999994904,1.6697220000205562,4990.851657993277,5003.959065001225,,
tpch,sqljs,[],1736025817787,"[0.25, 1.0]",sqljs_tpch_025_q1,2,2,0.3307634597966596,3023.3085620000493,3400.159062999999,376.8505009999499,3400.159062999999,2646.4580610000994,6046.617124000099,6046.804681999842,,
tpch,sqljs,[],1736025817787,"[0.25, 2.0]",sqljs_tpch_025_q2,70,5,13.565141388901406,73.71836174285438,73.36416299990378,1.3730673035920384,82.34880799986422,72.52522299997509,5160.285321999807,5161.666094000218,,
tpch,sqljs,[],1736025817787,"[0.25, 3.0]",sqljs_tpch_025_q3,10,5,1.8467480148826323,541.492391999974,541.6379099998157,1.3617201900851132,544.1723070000298,539.3089870000258,5414.923919999739,5415.1480680005625,,
tpch,sqljs,[],1736025817787,"[0.25, 4.0]",sqljs_tpch_025_q4,45,5,8.32043629959726,120.18600515557142,119.800314999884,0.9874755256704197,123.31132099987008,119.35321100009605,5408.370232000714,5409.30274100136,,
tpch,sqljs,[],1736025817787,"[0.25, 5.0]",sqljs_tpch_025_q5,10,5,1.7274846871941152,578.8763323999476,578.3907649999019,2.022520326822498,582.3184220001567,575.8809980000369,5788.763323999476,5788.99860400008,,
tpch,sqljs,[],1736025817787,"[0.25, 6.0]",sqljs_tpch_025_q6,15,5,2.7692737739223015,361.1055033333289,360.96811600006185,0.6658584224176765,362.8322399999015,359.9391230000183,5416.582549999934,5416.9225239998195,,
tpch,sqljs,[],1736025817787,"[0.25, 7.0]",sqljs_tpch_025_q7,8,4,1.2550112381070522,796.805613875069,797.651754999999,2.9002958770198197,802.806138999993,793.4099510000087,6374.444911000552,6374.714757000096,,
tpch,sqljs,[],1736025817787,"[0.25, 8.0]",sqljs_tpch_025_q8,5,5,0.8223817586509943,1215.9802786000073,1215.5391860001255,4.241215980851933,1222.2042619998101,1210.905836999882,6079.9013930000365,6080.041915999958,,
tpch,sqljs,[],1736025817787,"[0.25, 9.0]",sqljs_tpch_025_q9,3,3,0.4428285245829826,2258.2104459998664,2258.123896999983,0.31303797328368915,2258.629713999806,2257.87772699981,6774.631337999599,6774.706517999992,,
tpch,sqljs,[],1736025817787,"[0.25, 10.0]",sqljs_tpch_025_q10,15,5,2.60911739263195,383.27137093331356,381.91911399993114,2.839312979314435,393.0298790000379,381.3951099999249,5749.070563999703,5749.47263499978,,
tpch,sqljs,[],1736025817787,"[0.25, 11.0]",sqljs_tpch_025_q11,30,5,5.2158534358149735,191.72317863332574,190.76906399987638,2.7563181608755687,202.60572299989872,189.91957599995658,5751.695358999772,5752.349638001062,,
tpch,sqljs,[],1736025817787,"[0.25, 12.0]",sqljs_tpch_025_q12,16,4,3.150076361296721,317.452621874967,316.6695349998772,2.645365418397024,327.56726899999194,316.3309029999655,5079.241949999472,5079.587198000168,,
tpch,sqljs,[],1736025817787,"[0.25, 13.0]",sqljs_tpch_025_q13,4,4,0.6029728056197237,1658.4495862499462,1659.7131169999484,2.894885390437829,1662.377113000024,1654.6240309998393,6633.798344999785,6633.919702999992,,
tpch,sqljs,[],1736025817787,"[0.25, 14.0]",sqljs_tpch_025_q14,15,5,2.92802212336689,341.52747413332884,341.0468069999479,1.0734395000277153,344.0523940001149,340.46738800010644,5122.912111999933,5123.257439000066,,
tpch,sqljs,[],1736025817787,"[0.25, 15.0]",sqljs_tpch_025_q15,8,4,1.4717431708676925,679.4663768750033,679.3911910001189,0.8083110069097847,681.2839130000211,678.3280390000436,5435.731015000027,5435.918617000105,,
tpch,sqljs,[],1736025817787,"[0.25, 16.0]",sqljs_tpch_025_q16,41,5,7.982692082785082,125.27102256098921,125.07712500006892,0.706131812058208,127.36850999994203,123.95479700015858,5136.111925000558,5136.875602000859,,
tpch,sqljs,[],1736025817787,"[0.25, 18.0]",sqljs_tpch_025_q18,15,5,2.427479560333177,411.94991560000926,412.0475340001285,2.3540274981733287,415.3803940000944,408.6304170000367,6179.248734000139,6179.583311999915,,
tpch,sqljs,[],1736025817787,"[0.25, 19.0]",sqljs_tpch_025_q19,15,5,2.535216845082696,394.4435766666662,394.9241049999837,1.7584938118674613,397.1619710000232,391.4690440001432,5916.653649999993,5916.991961000487,,
tpch,sqljs,[],1736025817787,"[0.25, 21.0]",sqljs_tpch_025_q21,3,3,0.4223841794160605,2367.512915333345,2367.486343000084,1.6032443970544747,2369.4896319999825,2365.562770999968,7102.538746000035,7102.613524999935,,
tpch,duckdb,[sync],1736025704684,"[0.25, 1.0]",duckdb_sync_tpch_025_q1,45,5,8.588240098860702,116.43829102223843,115.02612500009127,4.606980836184202,142.91966999997385,113.67067200015299,5239.723096000729,5240.85075599933,,
tpch,duckdb,[sync],1736025704684,"[0.25, 2.0]",duckdb_sync_tpch_025_q2,385,5,76.73253530468533,13.032281496098822,12.49754499993287,1.5541334685493051,28.61807999992743,11.912754000164568,5017.428375998046,5021.139190999325,,
tpch,duckdb,[sync],1736025704684,"[0.25, 3.0]",duckdb_sync_tpch_025_q3,218,5,42.94714331285116,23.284435770627102,23.10421900008805,0.6621404994231015,28.39708000002429,22.573827999876812,5076.006997996708,5079.708054000279,,
tpch,duckdb,[sync],1736025704684,"[0.25, 4.0]",duckdb_sync_tpch_025_q4,141,5,27.90663530283787,35.833771758873006,35.688464999897406,0.7244229738139809,42.040438999887556,35.22468800004572,5052.561818001093,5054.623380000703,,
tpch,duckdb,[sync],1736025704684,"[0.25, 5.0]",duckdb_sync_tpch_025_q5,190,5,37.696010056449865,26.528006505264017,26.40760300005786,0.4810619143098823,29.658079999964684,25.92707400000654,5040.3212360001635,5042.054528000066,,
tpch,duckdb,[sync],1736025704684,"[0.25, 6.0]",duckdb_sync_tpch_025_q6,437,5,87.11907176404047,11.478542869562151,11.323631000006571,0.5646688003586462,16.20236500003375,10.91916500008665,5016.12323399866,5019.8051259981,,
tpch,duckdb,[sync],1736025704684,"[0.25, 7.0]",duckdb_sync_tpch_025_q7,155,5,30.406849941517134,32.887326438725,32.73822699999437,0.5481803029003786,35.472898999927565,32.097679999889806,5097.535598002374,5099.82902599941,,
tpch,duckdb,[sync],1736025704684,"[0.25, 8.0]",duckdb_sync_tpch_025_q8,140,5,27.75136707154029,36.03426085000059,35.90486799995415,0.5526159060987897,39.63347899983637,35.20617099991068,5044.796519000083,5046.183773998404,,
tpch,duckdb,[sync],1736025704684,"[0.25, 9.0]",duckdb_sync_tpch_025_q9,75,5,14.700167645472694,68.02643508000921,67.79100199998356,0.8560041710547612,71.02028900012374,66.616165000014,5101.98263100069,5102.83796899952,,
tpch,duckdb,[sync],1736025704684,"[0.25, 10.0]",duckdb_sync_tpch_025_q10,75,5,14.835645426599688,67.40522378669431,67.09985899995081,0.9514625108318495,70.90712699992582,66.20843300013803,5055.391784002073,5056.195192999672,,
tpch,duckdb,[sync],1736025704684,"[0.25, 11.0]",duckdb_sync_tpch_025_q11,732,5,146.00906883622923,6.8488896475440715,6.730512999929488,0.3775161742425688,9.927820999873802,6.60359499999322,5013.38722200226,5018.65633999859,,
tpch,duckdb,[sync],1736025704684,"[0.25, 12.0]",duckdb_sync_tpch_025_q12,90,5,17.421232628419226,57.40121961110272,56.997847999911755,1.7110792889647322,67.80035799997859,56.44185099983588,5166.109764999244,5167.063465000829,,
tpch,duckdb,[sync],1736025704684,"[0.25, 13.0]",duckdb_sync_tpch_025_q13,95,5,18.245111808577168,54.80920097896535,54.6949729998596,0.4638753804278512,58.03440300002694,54.31885099993087,5206.874093001708,5207.871476000873,,
tpch,duckdb,[sync],1736025704684,"[0.25, 14.0]",duckdb_sync_tpch_025_q14,336,5,66.81524913176888,14.96664328868792,14.85571700008586,0.35898213488746783,17.280106999911368,14.605740000028163,5028.792144999141,5031.464229998412,,
tpch,duckdb,[sync],1736025704684,"[0.25, 15.0]",duckdb_sync_tpch_025_q15,249,5,49.31006636413444,20.27983480321064,20.112879999913275,0.5776335692211143,23.04087399994023,19.622664999915287,5049.678865999449,5052.129883998539,,
tpch,duckdb,[sync],1736025704684,"[0.25, 16.0]",duckdb_sync_tpch_025_q16,304,5,60.18304014793849,16.615976819081546,16.485489000100642,0.3877531420159937,19.23797500017099,16.251060999929905,5051.2569530007895,5053.414217997808,,
tpch,duckdb,[sync],1736025704684,"[0.25, 17.0]",duckdb_sync_tpch_025_q17,162,5,32.04630079289802,31.204849709880275,31.12037799996324,0.3958557670135155,33.27294199983589,30.569407999981195,5055.185653000604,5056.293972001644,,
tpch,duckdb,[sync],1736025704685,"[0.25, 18.0]",duckdb_sync_tpch_025_q18,90,5,17.117638104857125,58.41927454443907,58.13413899997249,0.913010110001137,63.37113399989903,57.6667750000488,5257.734708999516,5258.669765000697,,
tpch,duckdb,[sync],1736025704685,"[0.25, 19.0]",duckdb_sync_tpch_025_q19,60,5,11.679737607341435,85.6183617833536,85.48578200000338,0.7527358734799665,88.91104499995708,84.53504600003362,5137.101707001217,5137.685968999984,,
tpch,duckdb,[sync],1736025704685,"[0.25, 20.0]",duckdb_sync_tpch_025_q20,191,5,37.44138238187495,26.70841556544908,25.9732330001425,1.989032700936969,32.7723620000761,24.52589900000021,5101.3073730007745,5102.758590000914,,
tpch,duckdb,[sync],1736025704685,"[0.25, 21.0]",duckdb_sync_tpch_025_q21,55,5,10.484111891707727,95.38242345457388,95.23580799996853,0.727295122698074,97.68192000011913,94.3537700001616,5246.033290001564,5246.572607000358,,
tpch,duckdb,[sync],1736025704685,"[0.25, 22.0]",duckdb_sync_tpch_025_q22,319,5,63.1580393052883,15.83329709090999,15.735670999856666,0.38648536046583554,20.819811000023037,15.560318000148982,5050.821772000287,5054.054114999482,,
tpch,arquero,[],1736025929183,"[0.25, 1.0]",arquero_tpch_025_q1,0,0,0.0,0.0,0.0,0.0,0.0,0.0,0.0,0.0,Arquero does not implement join reordering and query unnesting. The plans were generated by a relational database and were manually migrated to the Arquero API.,"Benchmark `arquero_tpch_025_q1` failed to run `before` callback: Unrecognized type: ""undefined"""
tpch,arquero,[],1736025929183,"[0.25, 2.0]",arquero_tpch_025_q2,0,0,0.0,0.0,0.0,0.0,0.0,0.0,0.0,0.0,Arquero does not implement join reordering and query unnesting. The plans were generated by a relational database and were manually migrated to the Arquero API.,"Benchmark `arquero_tpch_025_q2` failed to run `before` callback: Unrecognized type: ""undefined"""
tpch,arquero,[],1736025929183,"[0.25, 3.0]",arquero_tpch_025_q3,0,0,0.0,0.0,0.0,0.0,0.0,0.0,0.0,0.0,Arquero does not implement join reordering and query unnesting. The plans were generated by a relational database and were manually migrated to the Arquero API.,"Benchmark `arquero_tpch_025_q3` failed to run `before` callback: Unrecognized type: ""undefined"""
tpch,arquero,[],1736025929183,"[0.25, 4.0]",arquero_tpch_025_q4,0,0,0.0,0.0,0.0,0.0,0.0,0.0,0.0,0.0,Arquero does not implement join reordering and query unnesting. The plans were generated by a relational database and were manually migrated to the Arquero API.,"Benchmark `arquero_tpch_025_q4` failed to run `before` callback: Unrecognized type: ""undefined"""
tpch,arquero,[],1736025929183,"[0.25, 5.0]",arquero_tpch_025_q5,0,0,0.0,0.0,0.0,0.0,0.0,0.0,0.0,0.0,Arquero does not implement join reordering and query unnesting. The plans were generated by a relational database and were manually migrated to the Arquero API.,"Benchmark `arquero_tpch_025_q5` failed to run `before` callback: Unrecognized type: ""undefined"""
tpch,arquero,[],1736025929183,"[0.25, 6.0]",arquero_tpch_025_q6,0,0,0.0,0.0,0.0,0.0,0.0,0.0,0.0,0.0,Arquero does not implement join reordering and query unnesting. The plans were generated by a relational database and were manually migrated to the Arquero API.,"Benchmark `arquero_tpch_025_q6` failed to run `before` callback: Unrecognized type: ""undefined"""
tpch,arquero,[],1736025929183,"[0.25, 7.0]",arquero_tpch_025_q7,0,0,0.0,0.0,0.0,0.0,0.0,0.0,0.0,0.0,Arquero does not implement join reordering and query unnesting. The plans were generated by a relational database and were manually migrated to the Arquero API.,"Benchmark `arquero_tpch_025_q7` failed to run `before` callback: Unrecognized type: ""undefined"""
tpch,arquero,[],1736025929183,"[0.25, 8.0]",arquero_tpch_025_q8,0,0,0.0,0.0,0.0,0.0,0.0,0.0,0.0,0.0,Arquero does not implement join reordering and query unnesting. The plans were generated by a relational database and were manually migrated to the Arquero API.,"Benchmark `arquero_tpch_025_q8` failed to run `before` callback: Unrecognized type: ""undefined"""
tpch,arquero,[],1736025929183,"[0.25, 10.0]",arquero_tpch_025_q10,0,0,0.0,0.0,0.0,0.0,0.0,0.0,0.0,0.0,Arquero does not implement join reordering and query unnesting. The plans were generated by a relational database and were manually migrated to the Arquero API.,"Benchmark `arquero_tpch_025_q10` failed to run `before` callback: Unrecognized type: ""undefined"""
tpch,arquero,[],1736025929183,"[0.25, 11.0]",arquero_tpch_025_q11,0,0,0.0,0.0,0.0,0.0,0.0,0.0,0.0,0.0,Arquero does not implement join reordering and query unnesting. The plans were generated by a relational database and were manually migrated to the Arquero API.,"Benchmark `arquero_tpch_025_q11` failed to run `before` callback: Unrecognized type: ""undefined"""
tpch,arquero,[],1736025929183,"[0.25, 12.0]",arquero_tpch_025_q12,0,0,0.0,0.0,0.0,0.0,0.0,0.0,0.0,0.0,Arquero does not implement join reordering and query unnesting. The plans were generated by a relational database and were manually migrated to the Arquero API.,"Benchmark `arquero_tpch_025_q12` failed to run `before` callback: Unrecognized type: ""undefined"""
tpch,arquero,[],1736025929183,"[0.25, 13.0]",arquero_tpch_025_q13,0,0,0.0,0.0,0.0,0.0,0.0,0.0,0.0,0.0,Arquero does not implement join reordering and query unnesting. The plans were generated by a relational database and were manually migrated to the Arquero API.,"Benchmark `arquero_tpch_025_q13` failed to run `before` callback: Unrecognized type: ""undefined"""
tpch,arquero,[],1736025929183,"[0.25, 14.0]",arquero_tpch_025_q14,0,0,0.0,0.0,0.0,0.0,0.0,0.0,0.0,0.0,Arquero does not implement join reordering and query unnesting. The plans were generated by a relational database and were manually migrated to the Arquero API.,"Benchmark `arquero_tpch_025_q14` failed to run `before` callback: Unrecognized type: ""undefined"""
tpch,arquero,[],1736025929183,"[0.25, 15.0]",arquero_tpch_025_q15,0,0,0.0,0.0,0.0,0.0,0.0,0.0,0.0,0.0,Arquero does not implement join reordering and query unnesting. The plans were generated by a relational database and were manually migrated to the Arquero API.,"Benchmark `arquero_tpch_025_q15` failed to run `before` callback: Unrecognized type: ""undefined"""
tpch,arquero,[],1736025929184,"[0.25, 16.0]",arquero_tpch_025_q16,0,0,0.0,0.0,0.0,0.0,0.0,0.0,0.0,0.0,Arquero does not implement join reordering and query unnesting. The plans were generated by a relational database and were manually migrated to the Arquero API.,"Benchmark `arquero_tpch_025_q16` failed to run `before` callback: Unrecognized type: ""undefined"""
tpch,arquero,[],1736025929184,"[0.25, 17.0]",arquero_tpch_025_q17,0,0,0.0,0.0,0.0,0.0,0.0,0.0,0.0,0.0,Arquero does not implement join reordering and query unnesting. The plans were generated by a relational database and were manually migrated to the Arquero API.,"Benchmark `arquero_tpch_025_q17` failed to run `before` callback: Unrecognized type: ""undefined"""
tpch,arquero,[],1736025929184,"[0.25, 18.0]",arquero_tpch_025_q18,0,0,0.0,0.0,0.0,0.0,0.0,0.0,0.0,0.0,Arquero does not implement join reordering and query unnesting. The plans were generated by a relational database and were manually migrated to the Arquero API.,"Benchmark `arquero_tpch_025_q18` failed to run `before` callback: Unrecognized type: ""undefined"""
tpch,arquero,[],1736025929184,"[0.25, 19.0]",arquero_tpch_025_q19,0,0,0.0,0.0,0.0,0.0,0.0,0.0,0.0,0.0,Arquero does not implement join reordering and query unnesting. The plans were generated by a relational database and were manually migrated to the Arquero API.,"Benchmark `arquero_tpch_025_q19` failed to run `before` callback: Unrecognized type: ""undefined"""
tpch,arquero,[],1736025929184,"[0.25, 20.0]",arquero_tpch_025_q20,0,0,0.0,0.0,0.0,0.0,0.0,0.0,0.0,0.0,Arquero does not implement join reordering and query unnesting. The plans were generated by a relational database and were manually migrated to the Arquero API.,"Benchmark `arquero_tpch_025_q20` failed to run `before` callback: Unrecognized type: ""undefined"""
tpch,arquero,[],1736025929184,"[0.25, 22.0]",arquero_tpch_025_q22,0,0,0.0,0.0,0.0,0.0,0.0,0.0,0.0,0.0,Arquero does not implement join reordering and query unnesting. The plans were generated by a relational database and were manually migrated to the Arquero API.,"Benchmark `arquero_tpch_025_q22` failed to run `before` callback: Unrecognized type: ""undefined"""
integer_join3,lovefield,[],1736024764825,"[10.0, 100.0, 1000.0, 10.0, 10.0, 10.0]",lovefield_integer_join3_10_100_1000_10_10_10,12759,6,2142.1082033037114,0.46682982608335516,0.4182619999628514,0.15736905554210834,7.099278999958187,0.38408699992578477,5956.281750997528,5998.25815600832,,
integer_join3,lovefield,[],1736024764825,"[100.0, 1000.0, 10000.0, 10.0, 10.0, 100.0]",lovefield_integer_join3_100_1000_10000_100_10_10,1059,5,211.38364591884368,4.730734942399134,4.501140000065789,0.608993662135242,8.101475999923423,3.9952139999950305,5009.848304000683,5015.1425610012375,,
integer_join3,lovefield,[],1736024764825,"[1000.0, 10000.0, 100000.0, 10.0, 10.0, 100.0]",lovefield_integer_join3_1000_10000_100000_100_10_10,130,5,25.6828164971443,38.936539538457204,37.58414699998684,7.620410803578819,79.58841500000563,31.2781960000284,5061.750139999436,5063.611662000534,,
integer_join3,lovefield,[],1736024764825,"[10000.0, 100000.0, 1000000.0, 10.0, 10.0, 100.0]",lovefield_integer_join3_10000_100000_1000000_100_10_10,15,5,2.6292020873332596,380.3435288666903,369.72623200004455,45.02957652163749,543.7150849999161,350.27059400000144,5705.152933000354,5705.3843959997175,,
integer_join3,sqljs,[],1736024764825,"[10.0, 100.0, 1000.0, 10.0, 10.0, 10.0]",sqljs_integer_join3_10_100_1000_10_10_10,4002,5,803.0260522626595,1.245289610694863,1.1822399999946356,0.5088691686326885,23.978753000032157,1.152354000019841,4983.649022000842,5000.911551998812,,
integer_join3,sqljs,[],1736024764825,"[100.0, 1000.0, 10000.0, 10.0, 10.0, 100.0]",sqljs_integer_join3_100_1000_10000_100_10_10,340,5,67.53939107852041,14.806174352940392,14.498699999996461,0.7498297876708866,20.937143999966793,14.39914399990812,5034.099279999733,5035.736332000233,,
integer_join3,sqljs,[],1736024764825,"[1000.0, 10000.0, 100000.0, 10.0, 10.0, 100.0]",sqljs_integer_join3_1000_10000_100000_100_10_10,40,5,7.196325403686903,138.9598084999976,137.98108000005595,1.94310911365497,145.41379200003576,137.6137929999968,5558.392339999904,5558.790151000489,,
integer_join3,sqljs,[],1736024764825,"[10000.0, 100000.0, 1000000.0, 10.0, 10.0, 100.0]",sqljs_integer_join3_10000_100000_1000000_100_10_10,3,3,0.4070868538903358,2456.4782439999594,2456.233334999997,6.264585242734984,2464.270284999977,2448.931111999904,7369.434731999878,7369.505084000062,,
integer_join3,arquero,[],1736024764826,"[10.0, 100.0, 1000.0, 10.0, 10.0, 10.0]",arquero_integer_join3_10_100_1000_10_10_10,12900,6,2168.3292113499647,0.4611845815504266,0.4353239999618381,0.16305419840345298,12.824428999912925,0.4043250000104308,5949.281102000503,5998.008321003057,,
integer_join3,arquero,[],1736024764826,"[100.0, 1000.0, 10000.0, 10.0, 10.0, 100.0]",arquero_integer_join3_100_1000_10000_100_10_10,1193,5,238.30326077620498,4.196333683151397,4.109700000029989,0.3028785510164041,9.687547999899834,3.9846469999756664,5006.226083999616,5011.541566999047,,
integer_join3,arquero,[],1736024764826,"[1000.0, 10000.0, 100000.0, 10.0, 10.0, 100.0]",arquero_integer_join3_1000_10000_100000_100_10_10,303,5,60.356162660037995,16.568316405941808,16.369957000017166,0.7264911959436825,22.396179999923334,16.142582000000402,5020.199871000368,5021.92271500011,,
integer_join3,arquero,[],1736024764826,"[10000.0, 100000.0, 1000000.0, 10.0, 10.0, 100.0]",arquero_integer_join3_10000_100000_1000000_100_10_10,35,5,6.460087168170876,154.79667285714697,154.17319200001657,1.9893097519470186,163.5167959999526,153.56667900003958,5417.883550000144,5418.320947999484,,
integer_join3,duckdb,[sync],1736024764826,"[10.0, 100.0, 1000.0, 10.0, 10.0, 10.0]",duckdb_sync_integer_join3_10_100_1000_10_10_10,6379,6,1069.6530556314453,0.9348825721903564,0.8322160000680014,0.3797376318059663,7.33594300004188,0.755170000018552,5963.615928002284,5998.9866449992405,,
integer_join3,duckdb,[sync],1736024764826,"[100.0, 1000.0, 10000.0, 10.0, 10.0, 100.0]",duckdb_sync_integer_join3_100_1000_10000_100_10_10,322,5,63.76836142240137,15.68175781365941,15.893844000063837,2.2097649042028946,21.909244999988005,1.647084999945946,5049.52601599833,5051.357211000635,,
integer_join3,duckdb,[sync],1736024764826,"[1000.0, 10000.0, 100000.0, 10.0, 10.0, 100.0]",duckdb_sync_integer_join3_1000_10000_100000_100_10_10,269,5,53.22759826465186,18.787246327138796,18.530703000025824,0.9209582639292841,29.296791999950074,18.288719999953173,5053.769262000336,5055.519196000765,,
integer_join3,duckdb,[sync],1736024764826,"[10000.0, 100000.0, 1000000.0, 10.0, 10.0, 100.0]",duckdb_sync_integer_join3_10000_100000_1000000_100_10_10,199,5,39.09408150114375,25.579319467340436,25.30745800002478,1.2971531235588867,39.56146300002001,25.073901000083424,5090.284574000747,5091.6285620001145,,
